ts_start,ts_end,region,subregion,page,status,bytes,retries
1761563807.7083242,1761563810.79443,huicheng,chenjiang,1,200,174313,0
1761563812.555062,1761563816.332125,huicheng,chenjiang,4,200,174080,0
1761563817.779579,1761563820.320451,huicheng,chenjiang,5,200,174049,0
1761563822.721684,1761563825.8515258,huicheng,chenjiang,2,200,174120,0
1761563827.814193,1761563830.4933279,huicheng,chenjiang,8,200,174358,0
1761563832.796428,1761563835.744204,huicheng,chenjiang,9,200,174580,0
1761563837.555542,1761563840.364131,huicheng,chenjiang,7,200,174453,0
1761563843.085008,1761563845.707227,huicheng,chenjiang,3,200,174610,0
1761563847.7691112,1761563850.501924,huicheng,chenjiang,10,200,174038,0
1761563852.686742,1761563854.957889,huicheng,chenjiang,11,200,174360,0
1761563857.570899,1761563860.21907,huicheng,chenjiang,13,200,173939,0
1761563862.65424,1761563865.394911,huicheng,chenjiang,6,200,174449,0
1761563867.792543,1761563869.031632,huicheng,chenjiang,16,200,174350,0
1761563871.105739,1761563873.58621,huicheng,chenjiang,12,200,174239,0
1761563875.663015,1761563879.014604,huicheng,chenjiang,15,200,174214,0
1761563880.977411,1761563883.753546,huicheng,chenjiang,19,200,174263,0
1761563885.864192,1761563888.3551629,huicheng,chenjiang,18,200,174415,0
1761563890.889251,1761563893.5223749,huicheng,chenjiang,21,200,174067,0
1761563895.565405,1761563898.563663,huicheng,chenjiang,22,200,174290,0
1761563900.9013581,1761563903.2999198,huicheng,chenjiang,20,200,174123,0
1761563905.7724102,1761563908.275438,huicheng,chenjiang,17,200,174452,0
1761563910.908345,1761563913.987187,huicheng,chenjiang,25,200,174247,0
1761563915.686482,1761563918.273299,huicheng,chenjiang,24,200,174158,0
1761563920.800086,1761563924.014474,huicheng,chenjiang,26,200,174398,0
1761563925.920206,1761563929.182549,huicheng,chenjiang,28,200,174123,0
1761563930.714726,1761563933.313557,huicheng,chenjiang,27,200,174515,0
1761563935.6117692,1761563938.236347,huicheng,chenjiang,30,200,174558,0
1761563940.917548,1761563943.543725,huicheng,chenjiang,31,200,174260,0
1761563945.814691,1761563948.184671,huicheng,chenjiang,32,200,174118,0
1761563950.5826519,1761563953.943004,huicheng,chenjiang,33,200,174201,0
1761563954.719868,1761563958.2944572,huicheng,dongjiangxincheng,1,200,174235,0
1761563955.9492228,1761563960.00634,huicheng,chenjiang,23,200,173994,0
1761563960.075243,1761563962.812617,huicheng,dongjiangxincheng,2,200,174438,0
1761563960.772182,1761563963.3663402,huicheng,chenjiang,14,200,174344,0
1761563964.5879319,1761563967.484509,huicheng,dongjiangxincheng,5,200,174378,0
1761563966.05181,1761563968.6921878,huicheng,chenjiang,29,200,174293,0
1761563970.017162,1761563974.567171,huicheng,dongjiangxincheng,6,200,174309,0
1761563974.75532,1761563976.958742,huicheng,dongjiangxincheng,7,200,174152,0
1761563979.9755678,1761563982.61921,huicheng,dongjiangxincheng,8,200,174926,0
1761563985.116224,1761563988.849442,huicheng,dongjiangxincheng,3,200,174575,0
1761563990.0222762,1761563992.313374,huicheng,dongjiangxincheng,4,200,174160,0
1761563994.841841,1761563997.5864031,huicheng,dongjiangxincheng,10,200,174091,0
1761563999.982197,1761564002.6091259,huicheng,dongjiangxincheng,12,200,174524,0
1761564004.942945,1761564007.200564,huicheng,dongjiangxincheng,14,200,174397,0
1761564009.6055171,1761564011.882441,huicheng,dongjiangxincheng,13,200,174010,0
1761564014.790115,1761564017.01873,huicheng,dongjiangxincheng,11,200,174413,0
1761564019.914559,1761564024.6958668,huicheng,dongjiangxincheng,9,200,174588,0
1761564024.602488,1761564027.213569,huicheng,dongjiangxincheng,17,200,174505,0
1761564030.021369,1761564032.9167411,huicheng,dongjiangxincheng,18,200,174565,0
1761564034.915843,1761564039.312963,huicheng,dongjiangxincheng,16,200,173908,0
1761564039.6273909,1761564041.995971,huicheng,dongjiangxincheng,15,200,174025,0
1761564045.186832,1761564047.480341,huicheng,dongjiangxincheng,19,200,174569,0
1761564050.0085309,1761564052.618626,huicheng,dongjiangxincheng,23,200,174210,0
1761564055.120542,1761564058.4269,huicheng,dongjiangxincheng,20,200,174353,0
1761564059.836268,1761564063.164234,huicheng,dongjiangxincheng,21,200,174521,0
1761564065.000391,1761564067.7570329,huicheng,dongjiangxincheng,22,200,174343,0
1761564069.675766,1761564072.312244,huicheng,dongjiangxincheng,27,200,174250,0
1761564074.979176,1761564078.588057,huicheng,dongjiangxincheng,26,200,174451,0
1761564079.787083,1761564082.369349,huicheng,dongjiangxincheng,25,200,174438,0
1761564085.179871,1761564088.084616,huicheng,dongjiangxincheng,29,200,174579,0
1761564089.725211,1761564093.495648,huicheng,dongjiangxincheng,30,200,174611,0
1761564095.113986,1761564097.332195,huicheng,dongjiangxincheng,28,200,174380,0
1761564099.7520761,1761564103.241484,huicheng,dongjiangxincheng,32,200,174171,0
1761564104.308544,1761564107.578093,huicheng,dongping2,1,200,174304,0
1761564105.205562,1761564107.8284018,huicheng,dongjiangxincheng,24,200,173982,0
1761564109.068178,1761564111.292547,huicheng,dongping2,2,200,174376,0
1761564109.7292721,1761564112.297961,huicheng,dongjiangxincheng,31,200,174292,0
1761564114.2613602,1761564117.407937,huicheng,dongping2,3,200,174513,0
1761564114.6694698,1761564118.0761962,huicheng,dongjiangxincheng,33,200,174266,0
1761564118.946979,1761564122.006125,huicheng,dongping2,6,200,173891,0
1761564124.304024,1761564126.7998269,huicheng,dongping2,5,200,174316,0
1761564129.148267,1761564132.906556,huicheng,dongping2,8,200,174864,0
1761564133.985795,1761564136.753647,huicheng,dongping2,4,200,174098,0
1761564139.43989,1761564144.329097,huicheng,dongping2,11,200,174203,0
1761564144.058101,1761564146.668421,huicheng,dongping2,10,200,174420,0
1761564149.2648692,1761564152.003507,huicheng,dongping2,9,200,174644,0
1761564154.416516,1761564158.137273,huicheng,dongping2,13,200,174473,0
1761564159.4163918,1761564163.2129972,huicheng,dongping2,7,200,174090,0
1761564164.387365,1761564166.617354,huicheng,dongping2,15,200,173978,0
1761564169.207903,1761564172.186645,huicheng,dongping2,16,200,174183,0
1761564174.1290371,1761564176.990963,huicheng,dongping2,14,200,174273,0
1761564179.2389991,1761564184.187159,huicheng,dongping2,12,200,174446,0
1761564184.000941,1761564186.872951,huicheng,dongping2,19,200,174211,0
1761564189.446388,1761564193.021347,huicheng,dongping2,17,200,174413,0
1761564194.468399,1761564197.480546,huicheng,dongping2,22,200,174281,0
1761564199.0961258,1761564201.8842509,huicheng,dongping2,18,200,174376,0
1761564203.96969,1761564206.8485918,huicheng,dongping2,21,200,174055,0
1761564209.3961,1761564212.228462,huicheng,dongping2,25,200,174392,0
1761564214.366345,1761564217.447115,huicheng,dongping2,24,200,174615,0
1761564219.1455889,1761564222.5613282,huicheng,dongping2,20,200,174343,0
1761564224.534878,1761564227.3214662,huicheng,dongping2,26,200,174352,0
1761564229.1321468,1761564231.475324,huicheng,dongping2,27,200,174581,0
1761564234.485355,1761564237.205773,huicheng,dongping2,30,200,174379,0
1761564239.0737972,1761564242.1239822,huicheng,dongping2,23,200,174252,0
1761564243.9783082,1761564251.38527,huicheng,dongping2,28,200,174060,0
1761564249.0297759,1761564251.8555362,huicheng,dongping2,29,200,174180,0
1761564254.104563,1761564256.676929,huicheng,dongping2,33,200,174323,0
1761564252.566988,1761564257.29104,huicheng,henanan,1,200,174162,0
1761564257.5913348,1761564260.556951,huicheng,henanan,2,200,174430,0
1761564259.303338,1761564262.1773949,huicheng,dongping2,32,200,174165,0
1761564262.554435,1761564265.577408,huicheng,henanan,4,200,174060,0
1761564264.274865,1761564269.16004,huicheng,dongping2,31,200,174238,0
1761564268.021287,1761564272.475394,huicheng,henanan,5,200,174305,0
1761564272.94492,1761564275.966733,huicheng,henanan,7,200,174433,0
1761564277.506347,1761564279.8110201,huicheng,henanan,9,200,174515,0
1761564282.7817879,1761564285.543634,huicheng,henanan,3,200,174163,0
1761564288.02463,1761564290.8049831,huicheng,henanan,6,200,174236,0
1761564292.992844,1761564295.3773289,huicheng,henanan,8,200,174168,0
1761564297.642796,1761564300.5946848,huicheng,henanan,13,200,174014,0
1761564302.811018,1761564305.310624,huicheng,henanan,10,200,174032,0
1761564307.51631,1761564312.7388039,huicheng,henanan,12,200,174219,0
1761564312.709444,1761564315.6480472,huicheng,henanan,11,200,174359,0
1761564317.7389991,1761564320.4658802,huicheng,henanan,15,200,174194,0
1761564323.006243,1761564325.727385,huicheng,henanan,18,200,174492,0
1761564327.918997,1761564331.318409,huicheng,henanan,19,200,174200,0
1761564332.699064,1761564337.461492,huicheng,henanan,20,200,173917,0
1761564338.1137989,1761564340.7415218,huicheng,henanan,16,200,174172,0
1761564342.935262,1761564346.755977,huicheng,henanan,17,200,174402,0
1761564348.114065,1761564350.876013,huicheng,henanan,22,200,174270,0
1761564352.730784,1761564355.6871989,huicheng,henanan,14,200,174274,0
1761564357.982183,1761564361.732053,huicheng,henanan,23,200,173974,0
1761564362.7799602,1761564365.878268,huicheng,henanan,26,200,174632,0
1761564368.1355221,1761564371.973099,huicheng,henanan,21,200,174044,0
1761564373.047641,1761564377.096461,huicheng,henanan,24,200,174604,0
1761564377.9414341,1761564381.341046,huicheng,henanan,27,200,174416,0
1761564382.93409,1761564385.94121,huicheng,henanan,28,200,174299,0
1761564387.622396,1761564391.400009,huicheng,henanan,25,200,174172,0
1761564392.96988,1761564395.613167,huicheng,henanan,29,200,174499,0
1761564397.8616,1761564400.450453,huicheng,henanan,31,200,174227,0
1761564401.40337,1761564404.081669,huicheng,huihuan,1,200,174168,0
1761564403.078021,1761564405.662267,huicheng,henanan,32,200,174154,0
1761564406.22303,1761564409.170412,huicheng,huihuan,2,200,174371,0
1761564407.644914,1761564410.321899,huicheng,henanan,33,200,174376,0
1761564411.348041,1761564414.364539,huicheng,huihuan,4,200,174066,0
1761564412.904906,1761564416.927043,huicheng,henanan,30,200,174483,0
1761564416.626283,1761564419.999027,huicheng,huihuan,6,200,174435,0
1761564421.178175,1761564424.028563,huicheng,huihuan,5,200,173977,0
1761564426.311842,1761564428.5998669,huicheng,huihuan,7,200,174439,0
1761564431.4156249,1761564435.564445,huicheng,huihuan,3,200,174596,0
1761564436.448283,1761564438.840891,huicheng,huihuan,8,200,174174,0
1761564441.462006,1761564445.2459378,huicheng,huihuan,10,200,173988,0
1761564446.5200949,1761564449.1839051,huicheng,huihuan,9,200,174521,0
1761564451.29891,1761564454.199774,huicheng,huihuan,13,200,174020,0
1761564456.290431,1761564458.9052339,huicheng,huihuan,14,200,174350,0
1761564461.1507578,1761564464.8091269,huicheng,huihuan,16,200,173841,0
1761564466.370568,1761564469.329014,huicheng,huihuan,12,200,174225,0
1761564471.5543392,1761564474.158401,huicheng,huihuan,11,200,174198,0
1761564476.459958,1761564479.2102559,huicheng,huihuan,17,200,174408,0
1761564481.2082582,1761564483.9900181,huicheng,huihuan,15,200,173973,0
1761564486.131532,1761564489.068301,huicheng,huihuan,19,200,174218,0
1761564491.705986,1761564494.446433,huicheng,huihuan,20,200,174096,0
1761564496.622406,1761564499.2567549,huicheng,huihuan,23,200,174158,0
1761564501.555721,1761564504.582573,huicheng,huihuan,24,200,174224,0
1761564506.451873,1761564509.6001122,huicheng,huihuan,18,200,174371,0
1761564511.4175649,1761564514.106283,huicheng,huihuan,26,200,174638,0
1761564516.48711,1761564519.2256482,huicheng,huihuan,21,200,174447,0
1761564521.175364,1761564524.879092,huicheng,huihuan,28,200,174438,0
1761564526.182693,1761564530.184544,huicheng,huihuan,25,200,174387,0
1761564531.534466,1761564534.6426728,huicheng,huihuan,22,200,174284,0
1761564536.196678,1761564538.986568,huicheng,huihuan,27,200,174213,0
1761564541.461029,1761564544.309216,huicheng,huihuan,32,200,174160,0
1761564546.200319,1761564548.514113,huicheng,huihuan,29,200,174505,0
1761564549.643883,1761564552.599401,huicheng,jiangbei2,1,200,174173,0
1761564551.573793,1761564554.627125,huicheng,huihuan,33,200,174199,0
1761564554.596651,1761564557.292628,huicheng,jiangbei2,2,200,174376,0
1761564556.725694,1761564559.4074528,huicheng,huihuan,30,200,174374,0
1761564559.6711419,1761564562.403411,huicheng,jiangbei2,4,200,174071,0
1761564561.2449448,1761564564.7912698,huicheng,huihuan,31,200,174225,0
1761564564.3561542,1761564567.152142,huicheng,jiangbei2,5,200,174316,0
1761564569.4736571,1761564572.981973,huicheng,jiangbei2,6,200,174440,0
1761564574.622624,1761564577.595548,huicheng,jiangbei2,3,200,174601,0
1761564579.5814452,1761564582.247881,huicheng,jiangbei2,10,200,174420,0
1761564584.377213,1761564587.322637,huicheng,jiangbei2,9,200,174526,0
1761564589.318066,1761564592.1720781,huicheng,jiangbei2,12,200,174230,0
1761564594.428527,1761564597.116221,huicheng,jiangbei2,13,200,173877,0
1761564599.596939,1761564602.380214,huicheng,jiangbei2,8,200,174864,0
1761564604.747987,1761564607.595298,huicheng,jiangbei2,11,200,174370,0
1761564609.727034,1761564612.5841122,huicheng,jiangbei2,16,200,174331,0
1761564614.288917,1761564617.1231601,huicheng,jiangbei2,14,200,174285,0
1761564619.613776,1761564622.5509639,huicheng,jiangbei2,7,200,174444,0
1761564624.194064,1761564627.157184,huicheng,jiangbei2,15,200,174438,0
1761564629.2896361,1761564632.2730072,huicheng,jiangbei2,17,200,174413,0
1761564634.684919,1761564638.2471838,huicheng,jiangbei2,20,200,174018,0
1761564639.666958,1761564642.5728168,huicheng,jiangbei2,22,200,174211,0
1761564644.302767,1761564646.86202,huicheng,jiangbei2,19,200,174223,0
1761564649.340091,1761564651.974352,huicheng,jiangbei2,21,200,174452,0
1761564654.679651,1761564657.026988,huicheng,jiangbei2,18,200,174503,0
1761564659.3398001,1761564662.486193,huicheng,jiangbei2,26,200,174352,0
1761564664.2338922,1761564667.340457,huicheng,jiangbei2,24,200,174229,0
1761564669.6368651,1761564673.44096,huicheng,jiangbei2,25,200,174266,0
1761564674.3506298,1761564677.596853,huicheng,jiangbei2,28,200,174060,0
1761564679.34214,1761564682.246815,huicheng,jiangbei2,23,200,173947,0
1761564684.278683,1761564688.081339,huicheng,jiangbei2,30,200,174379,0
1761564689.331576,1761564694.063995,huicheng,jiangbei2,29,200,174251,0
1761564694.407115,1761564698.0177212,huicheng,jiangbei2,27,200,174581,0
1761564698.981222,1761564701.8489301,huicheng,longfeng,1,200,174297,0
1761564699.569518,1761564705.729099,huicheng,jiangbei2,31,200,174225,0
1761564704.258471,1761564706.6239202,huicheng,jiangbei2,33,200,174204,0
1761564703.807785,1761564706.6399958,huicheng,longfeng,2,200,174434,0
1761564708.771897,1761564711.5909948,huicheng,longfeng,3,200,174167,0
1761564709.465305,1761564712.4565482,huicheng,jiangbei2,32,200,174165,0
1761564714.064681,1761564716.965405,huicheng,longfeng,5,200,173975,0
1761564719.1636648,1761564722.593929,huicheng,longfeng,7,200,174083,0
1761564724.208672,1761564727.448189,huicheng,longfeng,6,200,174240,0
1761564728.871406,1761564731.803783,huicheng,longfeng,8,200,174857,0
1761564733.676159,1761564736.749266,huicheng,longfeng,4,200,174064,0
1761564739.056766,1761564742.051024,huicheng,longfeng,11,200,174329,0
1761564743.7513301,1761564746.764009,huicheng,longfeng,9,200,174519,0
1761564749.0816991,1761564752.3947551,huicheng,longfeng,10,200,174036,0
1761564753.753437,1761564756.696404,huicheng,longfeng,12,200,174256,0
1761564758.9911501,1761564761.55716,huicheng,longfeng,16,200,174324,0
1761564764.261952,1761564767.0728772,huicheng,longfeng,14,200,174278,0
1761564769.115233,1761564772.053206,huicheng,longfeng,13,200,174018,0
1761564773.902219,1761564776.768536,huicheng,longfeng,18,200,174496,0
1761564779.026706,1761564783.7703931,huicheng,longfeng,17,200,174304,0
1761564785.863845,1761564788.79846,huicheng,longfeng,19,200,174524,0
1761564819.651652,1761564825.549794,huicheng,longfeng,15,200,174431,0
1761564824.713494,1761564827.4078631,huicheng,longfeng,21,200,174048,0
1761564829.66158,1761564833.059158,huicheng,longfeng,24,200,174222,0
1761564834.822182,1761564838.4640582,huicheng,longfeng,20,200,174094,0
1761564839.608525,1761564842.581773,huicheng,longfeng,26,200,174345,0
1761564844.4835908,1761564847.988223,huicheng,longfeng,25,200,174176,0
1761564849.8094678,1761564855.1540039,huicheng,longfeng,27,200,174211,0
1761564854.758997,1761564858.212723,huicheng,longfeng,23,200,174156,0
1761564859.426754,1761564863.2453408,huicheng,longfeng,29,200,174273,0
1761565070.184347,1761565072.9048278,huicheng,longfeng,31,200,174230,0
1761564864.883024,1761565078.026019,huicheng,longfeng,28,200,174337,0
1761565075.446593,1761565078.508569,huicheng,longfeng,30,200,174475,0
1761565079.672218,1761565082.38719,huicheng,maan,1,200,174138,0
1761565080.354888,1761565083.305195,huicheng,longfeng,32,200,174177,0
1761565084.2083461,1761565086.626729,huicheng,maan,3,200,174566,0
1761565085.618413,1761565090.158825,huicheng,longfeng,33,200,174481,0
1761565090.494727,1761565093.4850829,huicheng,longfeng,22,200,174282,0
1761565089.6750479,1761565094.76619,huicheng,maan,4,200,174364,0
1761565094.327439,1761565097.153089,huicheng,maan,5,200,173947,0
1761565099.677651,1761565102.39404,huicheng,maan,8,200,174314,0
1761565104.283533,1761565107.4726138,huicheng,maan,9,200,174152,0
1761565109.395164,1761565113.8243399,huicheng,maan,7,200,174055,0
1761565114.144704,1761565116.737931,huicheng,maan,6,200,174405,0
1761565119.215465,1761565122.223107,huicheng,maan,12,200,174195,0
1761565124.3003001,1761565127.443556,huicheng,maan,10,200,174018,0
1761565129.329844,1761565132.088467,huicheng,maan,13,200,173787,0
1761565134.61356,1761565139.2351518,huicheng,maan,2,200,174341,0
1761565139.340105,1761565142.291849,huicheng,maan,15,200,174170,0
1761565144.3398159,1761565147.0503411,huicheng,maan,14,200,174320,0
1761565149.696834,1761565154.37569,huicheng,maan,11,200,174335,0
1761565154.7064772,1761565157.252758,huicheng,maan,16,200,174170,0
1761565159.350005,1761565162.093212,huicheng,maan,17,200,174257,0
1761565164.2590342,1761565167.996974,huicheng,maan,18,200,173994,0
1761565169.568277,1761565172.023634,huicheng,maan,19,200,174176,0
1761565174.6572921,1761565177.4148202,huicheng,maan,21,200,174034,0
1761565179.545847,1761565182.168169,huicheng,maan,22,200,174136,0
1761565184.3610811,1761565187.776722,huicheng,maan,24,200,174194,0
1761565189.383643,1761565192.2614021,huicheng,maan,26,200,174252,0
1761565194.318963,1761565197.317166,huicheng,maan,25,200,174343,0
1761565199.767116,1761565204.039221,huicheng,maan,27,200,174102,0
1761565204.509671,1761565206.75583,huicheng,maan,28,200,174309,0
1761565209.369335,1761565212.237828,huicheng,maan,20,200,173995,0
1761565214.726392,1761565219.369916,huicheng,maan,23,200,174295,0
1761565219.633966,1761565222.423699,huicheng,maan,29,200,174503,0
1761565224.324678,1761565227.298291,huicheng,maan,33,200,174098,0
1761565228.022269,1761565230.3684502,huicheng,maidi,1,200,174276,0
1761565229.2314398,1761565231.9294999,huicheng,maan,30,200,174331,0
1761565233.068311,1761565235.845991,huicheng,maidi,2,200,174413,0
1761565234.610828,1761565238.378668,huicheng,maan,31,200,174096,0
1761565239.265695,1761565241.985771,huicheng,maan,32,200,174234,0
1761565238.161184,1761565242.847918,huicheng,maidi,4,200,174070,0
1761565243.079255,1761565245.720417,huicheng,maidi,3,200,174485,0
1761565247.950897,1761565250.735656,huicheng,maidi,8,200,174151,0
1761565253.4207659,1761565255.958507,huicheng,maidi,7,200,174125,0
1761565258.452798,1761565260.976624,huicheng,maidi,5,200,174288,0
1761565263.43819,1761565267.21779,huicheng,maidi,10,200,174392,0
1761565268.418804,1761565272.955677,huicheng,maidi,9,200,174498,0
1761565273.233438,1761565276.54119,huicheng,maidi,12,200,174266,0
1761565278.011141,1761565280.942789,huicheng,maidi,6,200,174412,0
1761565283.331125,1761565285.943187,huicheng,maidi,11,200,174316,0
1761565288.297389,1761565290.706147,huicheng,maidi,14,200,174250,0
1761565293.154104,1761565295.998004,huicheng,maidi,16,200,174312,0
1761565298.429875,1761565301.215246,huicheng,maidi,17,200,174418,0
1761565303.128514,1761565305.726184,huicheng,maidi,15,200,174007,0
1761565308.1661031,1761565310.8095958,huicheng,maidi,13,200,174042,0
1761565312.958247,1761565315.740608,huicheng,maidi,21,200,173877,0
1761565318.055058,1761565320.654751,huicheng,maidi,19,200,174079,0
1761565323.2720551,1761565326.143637,huicheng,maidi,18,200,174475,0
1761565328.384585,1761565331.3900092,huicheng,maidi,22,200,174261,0
1761565333.0633988,1761565335.862057,huicheng,maidi,20,200,173999,0
1761565338.101682,1761565341.157675,huicheng,maidi,24,200,174612,0
1761565342.960973,1761565345.650414,huicheng,maidi,25,200,174238,0
1761565348.1558988,1761565351.1906781,huicheng,maidi,27,200,174130,0
1761565353.049948,1761565355.6266592,huicheng,maidi,26,200,174256,0
1761565358.120119,1761565360.820212,huicheng,maidi,28,200,173959,0
1761565363.115547,1761565366.82455,huicheng,maidi,31,200,174063,0
1761565368.527872,1761565373.821843,huicheng,maidi,29,200,174453,0
1761565373.4761019,1761565375.9716952,huicheng,maidi,32,200,174260,0
1761565378.2761369,1761565382.624141,huicheng,maidi,33,200,174106,0
1761565377.164632,1761565383.557654,huicheng,nantan,1,200,174283,0
1761565383.036632,1761565386.020579,huicheng,maidi,23,200,173919,0
1761565383.511179,1761565386.526779,huicheng,nantan,2,200,174355,0
1761565388.001518,1761565390.264269,huicheng,maidi,30,200,174283,0
1761565388.674185,1761565391.754587,huicheng,nantan,5,200,174295,0
1761565393.550542,1761565396.504533,huicheng,nantan,4,200,174077,0
1761565398.660173,1761565401.469207,huicheng,nantan,6,200,174226,0
1761565403.5401201,1761565406.528426,huicheng,nantan,3,200,174153,0
1761565408.813453,1761565411.127721,huicheng,nantan,7,200,174069,0
1761565413.267267,1761565415.54088,huicheng,nantan,8,200,174182,0
1761565418.669253,1761565421.340256,huicheng,nantan,11,200,174319,0
1761565423.4437912,1761565426.1909661,huicheng,nantan,10,200,174399,0
1761565428.5654778,1761565431.5471559,huicheng,nantan,13,200,174452,0
1761565433.30262,1761565436.589012,huicheng,nantan,12,200,174209,0
1761565438.774932,1761565441.780046,huicheng,nantan,9,200,174585,0
1761565443.596904,1761565446.528376,huicheng,nantan,17,200,174208,0
1761565448.30713,1761565451.3382242,huicheng,nantan,16,200,174174,0
1761565453.359818,1761565456.1205928,huicheng,nantan,15,200,174014,0
1761565458.7696488,1761565462.39782,huicheng,nantan,14,200,174334,0
1761565463.3952541,1761565466.2445781,huicheng,nantan,18,200,174447,0
1761565468.464031,1761565471.1017432,huicheng,nantan,19,200,174086,0
1761565473.711701,1761565477.312313,huicheng,nantan,21,200,174049,0
1761565478.452828,1761565481.343155,huicheng,nantan,20,200,174006,0
1761565483.640367,1761565486.514307,huicheng,nantan,24,200,173942,0
1761565488.708556,1761565491.483242,huicheng,nantan,26,200,174105,0
1761565493.6058009,1761565496.4237921,huicheng,nantan,23,200,173926,0
1761565498.597894,1761565501.515195,huicheng,nantan,27,200,174554,0
1761565503.5112488,1761565506.316788,huicheng,nantan,28,200,174311,0
1761565508.7166111,1761565513.878761,huicheng,nantan,22,200,174111,0
1761565513.494111,1761565515.9491541,huicheng,nantan,30,200,174466,0
1761565518.489286,1761565521.135251,huicheng,nantan,25,200,174154,0
1761565523.834489,1761565526.301312,huicheng,nantan,32,200,174226,0
1761565527.2924218,1761565530.0878022,huicheng,ruhu,1,200,174269,0
1761565528.790516,1761565531.8291771,huicheng,nantan,29,200,174460,0
1761565531.929718,1761565534.739394,huicheng,ruhu,2,200,174406,0
1761565533.8448918,1761565537.770008,huicheng,nantan,31,200,174070,0
1761565537.250139,1761565540.533677,huicheng,ruhu,4,200,174036,0
1761565538.594002,1761565541.351994,huicheng,nantan,33,200,174478,0
1761565542.047495,1761565544.4669929,huicheng,ruhu,5,200,174281,0
1761565547.0295858,1761565549.799545,huicheng,ruhu,6,200,173856,0
1761565552.378417,1761565555.177144,huicheng,ruhu,9,200,174152,0
1761565557.515211,1761565560.3992991,huicheng,ruhu,8,200,174314,0
1761565562.431944,1761565568.592191,huicheng,ruhu,7,200,174118,0
1761565567.181783,1761565570.40642,huicheng,ruhu,3,200,174139,0
1761565572.145184,1761565576.2699058,huicheng,ruhu,13,200,173730,0
1761565577.428669,1761565580.030596,huicheng,ruhu,11,200,174305,0
1761565582.149033,1761565584.874729,huicheng,ruhu,12,200,174259,0
1761565587.113861,1761565589.9496498,huicheng,ruhu,16,200,174305,0
1761565592.0543082,1761565595.012387,huicheng,ruhu,10,200,174385,0
1761565597.210624,1761565600.028912,huicheng,ruhu,18,200,174468,0
1761565602.333452,1761565605.7675798,huicheng,ruhu,15,200,174170,0
1761565607.114262,1761565609.895388,huicheng,ruhu,14,200,174243,0
1761565612.2367418,1761565615.181888,huicheng,ruhu,19,200,174072,0
1761565617.2059069,1761565620.713564,huicheng,ruhu,22,200,174254,0
1761565622.210888,1761565625.6053498,huicheng,ruhu,20,200,173983,0
1761565627.3001869,1761565629.8037918,huicheng,ruhu,17,200,174194,0
1761565632.3350341,1761565634.65425,huicheng,ruhu,25,200,174140,0
1761565637.251141,1761565640.7837892,huicheng,ruhu,21,200,173870,0
1761565642.429499,1761565645.277171,huicheng,ruhu,26,200,174586,0
1761565647.5122309,1761565651.228161,huicheng,ruhu,27,200,174102,0
1761565652.2101052,1761565654.632509,huicheng,ruhu,28,200,173952,0
1761565657.371634,1761565662.1845279,huicheng,ruhu,30,200,174491,0
1761565662.5133922,1761565665.1282969,huicheng,ruhu,23,200,174401,0
1761565667.30017,1761565670.070265,huicheng,ruhu,31,200,174024,0
1761565672.428362,1761565675.705423,huicheng,ruhu,24,200,174605,0
1761565676.4848561,1761565679.289115,huicheng,shuikou,1,200,174449,0
1761565677.4027169,1761565680.2033222,huicheng,ruhu,33,200,174244,0
1761565682.267664,1761565684.965858,huicheng,ruhu,29,200,174446,0
1761565681.8529458,1761565686.558665,huicheng,shuikou,3,200,174160,0
1761565686.545033,1761565689.433231,huicheng,shuikou,4,200,174057,0
1761565687.202772,1761565690.349482,huicheng,ruhu,32,200,174212,0
1761565691.387709,1761565694.282625,huicheng,shuikou,7,200,174430,0
1761565696.747087,1761565699.1737442,huicheng,shuikou,8,200,174335,0
1761565701.4091809,1761565703.8657541,huicheng,shuikou,9,200,174592,0
1761565706.769581,1761565709.6267269,huicheng,shuikou,5,200,173968,0
1761565711.7668622,1761565714.514295,huicheng,shuikou,2,200,174427,0
1761565716.658431,1761565724.139457,huicheng,shuikou,6,200,173877,0
1761565721.7404978,1761565724.5955799,huicheng,shuikou,12,200,174280,0
1761565726.596789,1761565731.531595,huicheng,shuikou,14,200,174341,0
1761565731.876889,1761565734.4634361,huicheng,shuikou,13,200,174056,0
1761565736.3823528,1761565739.291779,huicheng,shuikou,15,200,174021,0
1761565741.557142,1761565744.5146592,huicheng,shuikou,11,200,174189,0
1761565746.659764,1761565751.174603,huicheng,shuikou,10,200,174029,0
1761565751.6402519,1761565754.196672,huicheng,shuikou,16,200,174181,0
1761565756.378945,1761565760.064939,huicheng,shuikou,17,200,174432,0
1761565761.873761,1761565767.3119848,huicheng,shuikou,21,200,173891,0
1761565766.569569,1761565769.876572,huicheng,shuikou,20,200,174054,0
1761565771.5913029,1761565774.058014,huicheng,shuikou,23,200,173933,0
1761565776.982402,1761565779.285221,huicheng,shuikou,22,200,174380,0
1761565781.964027,1761565788.796375,huicheng,shuikou,24,200,173965,0
1761565786.468964,1761565790.019465,huicheng,shuikou,25,200,174298,0
1761565791.86256,1761565794.560406,huicheng,shuikou,26,200,174284,0
1761565796.84079,1761565799.7112188,huicheng,shuikou,19,200,174093,0
1761565801.5967538,1761565804.014604,huicheng,shuikou,18,200,174489,0
1761565806.799625,1761565809.645788,huicheng,shuikou,30,200,174473,0
1761565811.683532,1761565814.152436,huicheng,shuikou,31,200,174020,0
1761565816.7022688,1761565819.1693828,huicheng,shuikou,27,200,174519,0
1761565821.504933,1761565824.10669,huicheng,shuikou,32,200,174075,0
1761565824.971241,1761565827.388087,huicheng,xiajiao,1,200,174449,0
1761565826.510508,1761565829.8907368,huicheng,shuikou,29,200,174250,0
1761565829.8733099,1761565832.4592268,huicheng,xiajiao,2,200,174097,0
1761565831.558165,1761565834.1207979,huicheng,shuikou,33,200,174287,0
1761565834.832758,1761565837.910412,huicheng,xiajiao,4,200,174084,0
1761565836.6457868,1761565839.649333,huicheng,shuikou,28,200,174412,0
1761565840.127265,1761565843.2816472,huicheng,xiajiao,6,200,173877,0
1761565844.799983,1761565847.2297149,huicheng,xiajiao,8,200,174189,0
1761565849.77144,1761565852.095383,huicheng,xiajiao,9,200,174173,0
1761565854.781474,1761565858.69583,huicheng,xiajiao,5,200,173968,0
1761565859.9963012,1761565862.998104,huicheng,xiajiao,3,200,174160,0
1761565865.1307762,1761565869.4279711,huicheng,xiajiao,7,200,174430,0
1761565869.765225,1761565872.4186518,huicheng,xiajiao,12,200,174216,0
1761565875.2628942,1761565878.123554,huicheng,xiajiao,11,200,174326,0
1761565879.9071622,1761565882.248234,huicheng,xiajiao,15,200,174191,0
1761565885.109327,1761565887.472657,huicheng,xiajiao,10,200,174406,0
1761565889.8905978,1761565892.6527932,huicheng,xiajiao,16,200,174181,0
1761565895.164321,1761565898.1219652,huicheng,xiajiao,13,200,173751,0
1761565900.115088,1761565902.782111,huicheng,xiajiao,17,200,174139,0
1761565904.8387358,1761565907.276211,huicheng,xiajiao,19,200,174392,0
1761565910.0735118,1761565914.4021661,huicheng,xiajiao,18,200,174511,0
1761565915.2291641,1761565918.1912909,huicheng,xiajiao,21,200,174028,0
1761565920.1618571,1761565922.697067,huicheng,xiajiao,23,200,173933,0
1761565925.2851222,1761565928.024363,huicheng,xiajiao,24,200,173965,0
1761565930.166247,1761565935.141547,huicheng,xiajiao,25,200,174298,0
1761565935.0881972,1761565938.4691641,huicheng,xiajiao,20,200,174054,0
1761565940.3028018,1761565943.968671,huicheng,xiajiao,27,200,174236,0
1761565944.785252,1761565947.3761458,huicheng,xiajiao,28,200,174368,0
1761565949.91062,1761565956.358451,huicheng,xiajiao,26,200,174576,0
1761565955.081877,1761565958.332557,huicheng,xiajiao,14,200,174355,0
1761565960.076718,1761565964.3170078,huicheng,xiajiao,31,200,174020,0
1761565964.975529,1761565968.2512581,huicheng,xiajiao,29,200,174464,0
1761565970.320152,1761565973.860068,huicheng,xiajiao,33,200,174447,0
1761565972.500575,1761565975.31405,huicheng,xiaojinkou,1,200,174320,0
1761565972.958752,1761565976.37022,huicheng,xiajiao,22,200,174222,0
1761565977.735135,1761565980.281487,huicheng,xiaojinkou,3,200,174617,0
1761565978.08405,1761565983.0313559,huicheng,xiajiao,32,200,174075,0
1761565983.000899,1761565986.093323,huicheng,xiaojinkou,2,200,174127,0
1761565983.0793312,1761565986.7356591,huicheng,xiajiao,30,200,174301,0
1761565987.941152,1761565991.3239481,huicheng,xiaojinkou,5,200,174332,0
1761565992.692262,1761565997.432427,huicheng,xiaojinkou,7,200,174169,0
1761565997.8047628,1761566000.135612,huicheng,xiaojinkou,8,200,174365,0
1761566002.9127328,1761566005.44443,huicheng,xiaojinkou,6,200,173907,0
1761566007.508501,1761566010.487423,huicheng,xiaojinkou,11,200,174219,0
1761566012.574147,1761566015.5885272,huicheng,xiaojinkou,10,200,174059,0
1761566018.0221171,1761566021.373569,huicheng,xiaojinkou,13,200,173781,0
1761566022.642544,1761566025.772369,huicheng,xiaojinkou,12,200,174532,0
1761566027.91406,1761566032.522043,huicheng,xiaojinkou,4,200,174087,0
1761566032.9507551,1761566036.4822268,huicheng,xiaojinkou,9,200,174203,0
1761566037.634219,1761566040.06201,huicheng,xiaojinkou,16,200,174356,0
1761566042.7828019,1761566045.2605171,huicheng,xiaojinkou,17,200,174231,0
1761566047.931814,1761566050.258345,huicheng,xiaojinkou,18,200,174541,0
1761566052.845417,1761566055.497853,huicheng,xiaojinkou,15,200,174221,0
1761566058.0496151,1761566060.9503648,huicheng,xiaojinkou,20,200,174034,0
1761566062.8594198,1761566066.17773,huicheng,xiaojinkou,14,200,174385,0
1761566067.8736598,1761566070.761224,huicheng,xiaojinkou,21,200,174058,0
1761566072.631271,1761566074.927958,huicheng,xiaojinkou,19,200,174422,0
1761566077.726441,1761566080.308128,huicheng,xiaojinkou,22,200,174305,0
1761566082.718378,1761566085.7845252,huicheng,xiaojinkou,23,200,174396,0
1761566087.610292,1761566089.8903701,huicheng,xiaojinkou,26,200,174606,0
1761566092.981005,1761566095.363132,huicheng,xiaojinkou,28,200,174021,0
1761566097.8435478,1761566100.523574,huicheng,xiaojinkou,25,200,174146,0
1761566102.85258,1761566106.419093,huicheng,xiaojinkou,29,200,174555,0
1761566107.998544,1761566110.6139882,huicheng,xiaojinkou,24,200,173995,0
1761566112.627637,1761566115.433874,huicheng,xiaojinkou,27,200,174186,0
1761566117.7211142,1761566121.918616,huicheng,xiaojinkou,31,200,174167,0
1761566122.989286,1761566125.36448,huicheng,xiaojinkou,32,200,174320,0
1761566122.901942,1761566126.302353,huicheng,xiapu1,1,200,174442,0
1761566127.760004,1761566130.274297,huicheng,xiapu1,3,200,174492,0
1761566128.042588,1761566131.0968971,huicheng,xiaojinkou,30,200,174490,0
1761566132.9141839,1761566135.633585,huicheng,xiapu1,4,200,174050,0
1761566132.711452,1761566136.113966,huicheng,xiaojinkou,33,200,174477,0
1761566137.791806,1761566140.883981,huicheng,xiapu1,6,200,174226,0
1761566142.850019,1761566146.6770759,huicheng,xiapu1,7,200,174423,0
1761566147.870144,1761566151.439048,huicheng,xiapu1,8,200,174182,0
1761566152.743872,1761566155.336108,huicheng,xiapu1,9,200,174505,0
1761566157.7545788,1761566160.7953029,huicheng,xiapu1,2,200,174420,0
1761566162.843669,1761566166.530318,huicheng,xiapu1,10,200,174399,0
1761566168.1248682,1761566170.517132,huicheng,xiapu1,12,200,174273,0
1761566172.975275,1761566175.5458539,huicheng,xiapu1,13,200,174452,0
1761566177.920094,1761566180.459682,huicheng,xiapu1,11,200,174182,0
1761566182.9050062,1761566186.24872,huicheng,xiapu1,15,200,174309,0
1761566188.0481331,1761566190.464488,huicheng,xiapu1,17,200,174132,0
1761566193.025571,1761566195.613885,huicheng,xiapu1,5,200,174295,0
1761566197.798132,1761566200.681291,huicheng,xiapu1,16,200,174174,0
1761566202.628928,1761566205.2402549,huicheng,xiapu1,20,200,174517,0
1761566207.897434,1761566210.462631,huicheng,xiapu1,14,200,174257,0
1761566212.710135,1761566215.380208,huicheng,xiapu1,19,200,174190,0
1761566217.670398,1761566220.45488,huicheng,xiapu1,22,200,174373,0
1761566222.793566,1761566225.5134132,huicheng,xiapu1,24,200,174208,0
1761566227.7624772,1761566230.803123,huicheng,xiapu1,23,200,173926,0
1761566232.9677172,1761566236.472646,huicheng,xiapu1,18,200,174003,0
1761566237.905925,1761566243.204826,huicheng,xiapu1,26,200,174239,0
1761566242.630265,1761566245.4891741,huicheng,xiapu1,21,200,174265,0
1761566247.815883,1761566251.2579288,huicheng,xiapu1,28,200,174383,0
1761566252.8761978,1761566255.6230001,huicheng,xiapu1,30,200,174239,0
1761566257.987764,1761566260.400268,huicheng,xiapu1,27,200,174229,0
1761566262.67079,1761566265.412611,huicheng,xiapu1,29,200,174497,0
1761566267.617949,1761566270.266847,huicheng,xiapu1,33,200,174261,0
1761566271.0610309,1761566273.545729,zhongkai,chenjiang,1,200,174472,0
1761566273.162959,1761566275.8976169,huicheng,xiapu1,32,200,174373,0
1761566277.835291,1761566280.214547,huicheng,xiapu1,31,200,173985,0
1761566276.087733,1761566282.7579699,zhongkai,chenjiang,2,200,174120,0
1761566281.167798,1761566283.67875,zhongkai,chenjiang,4,200,174080,0
1761566283.208769,1761566286.525601,huicheng,xiapu1,25,200,174181,0
1761566285.955491,1761566291.227548,zhongkai,chenjiang,3,200,174610,0
1761566291.158709,1761566294.2737842,zhongkai,chenjiang,5,200,174325,0
1761566296.110873,1761566299.036445,zhongkai,chenjiang,7,200,174162,0
1761566301.175479,1761566304.534493,zhongkai,chenjiang,9,200,174535,0
1761566306.39012,1761566309.229567,zhongkai,chenjiang,11,200,174353,0
1761566310.984153,1761566313.465759,zhongkai,chenjiang,6,200,174256,0
1761566316.116126,1761566319.211375,zhongkai,chenjiang,8,200,174873,0
1761566320.903709,1761566324.544462,zhongkai,chenjiang,10,200,174052,0
1761566326.206197,1761566328.737728,zhongkai,chenjiang,15,200,174077,0
1761566331.4310021,1761566335.072893,zhongkai,chenjiang,12,200,174303,0
1761566335.925432,1761566339.283384,zhongkai,chenjiang,17,200,174162,0
1761566341.505578,1761566344.163618,zhongkai,chenjiang,14,200,174425,0
1761566345.979191,1761566348.570038,zhongkai,chenjiang,13,200,174482,0
1761566351.151687,1761566353.622568,zhongkai,chenjiang,19,200,174390,0
1761566356.360368,1761566358.6939662,zhongkai,chenjiang,20,200,174151,0
1761566361.407281,1761566364.165959,zhongkai,chenjiang,21,200,174021,0
1761566366.4335492,1761566368.876971,zhongkai,chenjiang,23,200,174345,0
1761566371.392141,1761566375.5373409,zhongkai,chenjiang,24,200,174768,0
1761566376.143688,1761566379.1156118,zhongkai,chenjiang,22,200,174298,0
1761566381.4352279,1761566385.156377,zhongkai,chenjiang,18,200,174033,0
1761566386.041899,1761566388.647063,zhongkai,chenjiang,26,200,174554,0
1761566391.457269,1761566394.476876,zhongkai,chenjiang,27,200,174243,0
1761566396.209285,1761566398.531035,zhongkai,chenjiang,29,200,174527,0
1761566401.3799849,1761566404.618312,zhongkai,chenjiang,28,200,174433,0
1761566406.224235,1761566408.6140952,zhongkai,chenjiang,25,200,174323,0
1761566411.412554,1761566415.27042,zhongkai,chenjiang,31,200,174015,0
1761566416.034225,1761566418.4396532,zhongkai,chenjiang,32,200,174313,0
1761566419.423869,1761566421.8230278,zhongkai,huihuan,1,200,174458,0
1761566421.396435,1761566424.0728729,zhongkai,chenjiang,33,200,174188,0
1761566424.6214259,1761566427.654912,zhongkai,huihuan,2,200,174371,0
1761566426.174494,1761566428.680608,zhongkai,chenjiang,16,200,173855,0
1761566429.452851,1761566432.472181,zhongkai,huihuan,4,200,174093,0
1761566430.9858718,1761566434.929373,zhongkai,chenjiang,30,200,174562,0
1761566434.0500522,1761566438.046058,zhongkai,huihuan,5,200,174035,0
1761566439.348686,1761566442.09811,zhongkai,huihuan,3,200,174596,0
1761566444.0522828,1761566446.807801,zhongkai,huihuan,6,200,173886,0
1761566449.0716941,1761566452.698643,zhongkai,huihuan,7,200,174148,0
1761566454.3652532,1761566456.7820191,zhongkai,huihuan,9,200,174521,0
1761566459.089674,1761566461.6446369,zhongkai,huihuan,8,200,174344,0
1761566464.531828,1761566467.3874629,zhongkai,huihuan,13,200,174468,0
1761566469.108053,1761566472.6607392,zhongkai,huihuan,10,200,174056,0
1761566474.6646059,1761566477.935103,zhongkai,huihuan,12,200,174225,0
1761566479.645818,1761566482.545535,zhongkai,huihuan,11,200,174198,0
1761566484.126514,1761566486.637835,zhongkai,huihuan,14,200,174188,0
1761566489.55149,1761566492.6842182,zhongkai,huihuan,18,200,174498,0
1761566494.523849,1761566497.800237,zhongkai,huihuan,17,200,174148,0
1761566499.278416,1761566501.89786,zhongkai,huihuan,15,200,174319,0
1761566504.473417,1761566507.1601448,zhongkai,huihuan,21,200,173900,0
1761566509.205913,1761566511.7188008,zhongkai,huihuan,19,200,174206,0
1761566514.191846,1761566516.576457,zhongkai,huihuan,20,200,174137,0
1761566519.5237608,1761566522.17379,zhongkai,huihuan,22,200,174284,0
1761566524.1919749,1761566527.650262,zhongkai,huihuan,23,200,174260,0
1761566529.421963,1761566532.1914308,zhongkai,huihuan,26,200,174255,0
1761566534.6814,1761566537.12547,zhongkai,huihuan,27,200,174245,0
1761566539.374214,1761566542.63635,zhongkai,huihuan,24,200,173978,0
1761566544.340179,1761566546.850104,zhongkai,huihuan,16,200,174255,0
1761566549.2068758,1761566551.744401,zhongkai,huihuan,29,200,174260,0
1761566554.581256,1761566557.602404,zhongkai,huihuan,28,200,174419,0
1761566559.224423,1761566561.606806,zhongkai,huihuan,30,200,174255,0
1761566564.570935,1761566566.8430579,zhongkai,huihuan,25,200,174309,0
1761566567.906694,1761566570.4321558,zhongkai,tongqiaolilin,1,200,174497,0
1761566569.512634,1761566572.023159,zhongkai,huihuan,33,200,174277,0
1761566572.81373,1761566575.222262,zhongkai,tongqiaolilin,2,200,174145,0
1761566574.2902899,1761566578.699829,zhongkai,huihuan,32,200,174389,0
1761566577.521039,1761566580.02958,zhongkai,tongqiaolilin,3,200,174635,0
1761566579.251391,1761566583.222133,zhongkai,huihuan,31,200,174103,0
1761566582.9074922,1761566586.386091,zhongkai,tongqiaolilin,5,200,174074,0
1761566588.037643,1761566590.7851992,zhongkai,tongqiaolilin,6,200,174474,0
1761566592.6320488,1761566595.1499798,zhongkai,tongqiaolilin,7,200,174187,0
1761566597.775502,1761566600.6138802,zhongkai,tongqiaolilin,10,200,174077,0
1761566602.7888482,1761566606.246758,zhongkai,tongqiaolilin,11,200,174237,0
1761566607.95907,1761566610.952162,zhongkai,tongqiaolilin,4,200,174105,0
1761566612.599221,1761566616.642781,zhongkai,tongqiaolilin,9,200,174560,0
1761566618.054286,1761566620.4788659,zhongkai,tongqiaolilin,13,200,174507,0
1761566622.766839,1761566625.653792,zhongkai,tongqiaolilin,14,200,174450,0
1761566627.7917771,1761566630.6708841,zhongkai,tongqiaolilin,8,200,174237,0
1761566632.794823,1761566635.3269708,zhongkai,tongqiaolilin,15,200,174358,0
1761566637.507209,1761566641.0616121,zhongkai,tongqiaolilin,16,200,174294,0
1761566642.83621,1761566646.592404,zhongkai,tongqiaolilin,17,200,174523,0
1761566647.80045,1761566650.485703,zhongkai,tongqiaolilin,19,200,174225,0
1761566652.900449,1761566655.500382,zhongkai,tongqiaolilin,18,200,174058,0
1761566657.7186801,1761566660.5687091,zhongkai,tongqiaolilin,21,200,174320,0
1761566663.060222,1761566665.742294,zhongkai,tongqiaolilin,22,200,174243,0
1761566667.9718132,1761566670.348895,zhongkai,tongqiaolilin,24,200,174017,0
1761566672.6796002,1761566677.308748,zhongkai,tongqiaolilin,20,200,174052,0
1761566677.897323,1761566681.099367,zhongkai,tongqiaolilin,23,200,174299,0
1761566682.755981,1761566685.7082,zhongkai,tongqiaolilin,12,200,174550,0
1761566687.910356,1761566691.8519669,zhongkai,tongqiaolilin,28,200,174094,0
1761566692.757169,1761566696.13404,zhongkai,tongqiaolilin,26,200,174294,0
1761566697.817508,1761566701.943478,zhongkai,tongqiaolilin,29,200,174552,0
1761566702.716285,1761566705.5732238,zhongkai,tongqiaolilin,31,200,174040,0
1761566708.147818,1761566712.844851,zhongkai,tongqiaolilin,25,200,174143,0
1761566713.1538,1761566716.018036,zhongkai,tongqiaolilin,27,200,174497,0
1761566717.022568,1761566720.539847,huiyang,baiyunxincheng,1,200,174199,0
1761566717.8265972,1761566720.646376,zhongkai,tongqiaolilin,32,200,174338,0
1761566721.6790001,1761566724.1113138,huiyang,baiyunxincheng,3,200,174627,0
1761566722.735414,1761566727.899159,zhongkai,tongqiaolilin,30,200,174587,0
1761566726.75598,1761566729.585216,huiyang,baiyunxincheng,2,200,174137,0
1761566727.6221461,1761566730.217231,zhongkai,tongqiaolilin,33,200,174213,0
1761566731.8329952,1761566734.290459,huiyang,baiyunxincheng,7,200,174179,0
1761566737.026506,1761566739.88526,huiyang,baiyunxincheng,8,200,174229,0
1761566741.713233,1761566746.12587,huiyang,baiyunxincheng,9,200,174213,0
1761566746.727935,1761566749.6121442,huiyang,baiyunxincheng,5,200,174342,0
1761566751.9353862,1761566754.510279,huiyang,baiyunxincheng,10,200,174087,0
1761566756.88496,1761566760.117207,huiyang,baiyunxincheng,12,200,174256,0
1761566761.913389,1761566764.3923619,huiyang,baiyunxincheng,4,200,174425,0
1761566767.101127,1761566770.572074,huiyang,baiyunxincheng,6,200,174466,0
1761566771.885563,1761566774.1813738,huiyang,baiyunxincheng,11,200,174370,0
1761566777.047381,1761566780.036003,huiyang,baiyunxincheng,15,200,174350,0
1761566782.053532,1761566785.3972669,huiyang,baiyunxincheng,13,200,173830,0
1761566787.228105,1761566790.77422,huiyang,baiyunxincheng,16,200,174286,0
1761566791.757183,1761566794.040491,huiyang,baiyunxincheng,14,200,174381,0
1761566797.2004638,1761566799.966537,huiyang,baiyunxincheng,18,200,174050,0
1761566801.698306,1761566804.292799,huiyang,baiyunxincheng,21,200,173931,0
1761566806.782741,1761566809.172908,huiyang,baiyunxincheng,20,200,174168,0
1761566811.9444559,1761566814.855392,huiyang,baiyunxincheng,19,200,174407,0
1761566817.0833752,1761566819.7295518,huiyang,baiyunxincheng,23,200,174291,0
1761566821.8061361,1761566824.149153,huiyang,baiyunxincheng,17,200,174330,0
1761566826.903842,1761566830.365796,huiyang,baiyunxincheng,26,200,174571,0
1761566831.751734,1761566834.4009988,huiyang,baiyunxincheng,27,200,174260,0
1761566837.25497,1761566841.082052,huiyang,baiyunxincheng,28,200,174086,0
1761566842.103928,1761566844.468698,huiyang,baiyunxincheng,22,200,174235,0
1761566846.949364,1761566849.506391,huiyang,baiyunxincheng,25,200,174340,0
1761566852.2629719,1761566855.40363,huiyang,baiyunxincheng,29,200,174425,0
1761566856.7289119,1761566859.695037,huiyang,baiyunxincheng,30,200,174486,0
1761566862.060297,1761566864.7120829,huiyang,baiyunxincheng,31,200,174132,0
1761566865.9062028,1761566869.175234,huiyang,kaichengdarunfa,1,200,174366,0
1761566866.844185,1761566870.757272,huiyang,baiyunxincheng,33,200,174432,0
1761566870.659636,1761566873.475751,huiyang,kaichengdarunfa,2,200,174503,0
1761566872.29422,1761566875.505206,huiyang,baiyunxincheng,32,200,174026,0
1761566875.5108979,1761566879.143587,huiyang,kaichengdarunfa,4,200,174133,0
1761566877.280548,1761566879.618826,huiyang,baiyunxincheng,24,200,174785,0
1761566880.352612,1761566882.5968618,huiyang,kaichengdarunfa,7,200,174215,0
1761566885.4746912,1761566889.748422,huiyang,kaichengdarunfa,6,200,173953,0
1761566890.3874931,1761566892.767547,huiyang,kaichengdarunfa,8,200,174265,0
1761566895.44868,1761566898.907049,huiyang,kaichengdarunfa,3,200,174236,0
1761566900.685653,1761566903.518274,huiyang,kaichengdarunfa,11,200,174402,0
1761566905.536253,1761566909.395057,huiyang,kaichengdarunfa,5,200,174378,0
1761566910.58818,1761566913.2487,huiyang,kaichengdarunfa,9,200,174668,0
1761566915.7250571,1761566921.153575,huiyang,kaichengdarunfa,13,200,174147,0
1761566920.747382,1761566923.5870981,huiyang,kaichengdarunfa,10,200,174482,0
1761566925.828095,1761566928.482265,huiyang,kaichengdarunfa,14,200,174255,0
1761566932.455814,1761566935.104177,huiyang,kaichengdarunfa,16,200,174333,0
1761566937.3599539,1761566941.350799,huiyang,kaichengdarunfa,15,200,174130,0
1761566942.4042208,1761566944.861656,huiyang,kaichengdarunfa,12,200,174356,0
1761566947.4345942,1761566949.7698848,huiyang,kaichengdarunfa,17,200,174522,0
1761566952.555594,1761566955.879602,huiyang,kaichengdarunfa,20,200,174599,0
1761566957.786311,1761566960.296478,huiyang,kaichengdarunfa,22,200,174271,0
1761566962.909111,1761566966.2158651,huiyang,kaichengdarunfa,18,200,174569,0
1761566967.671107,1761566970.484985,huiyang,kaichengdarunfa,19,200,174323,0
1761566972.74369,1761566976.55867,huiyang,kaichengdarunfa,24,200,174255,0
1761566977.857841,1761566981.82191,huiyang,kaichengdarunfa,26,200,174322,0
1761566982.774706,1761566986.2092118,huiyang,kaichengdarunfa,21,200,173910,0
1761566987.900199,1761566990.703385,huiyang,kaichengdarunfa,23,200,174137,0
1761566992.484233,1761566994.9084318,huiyang,kaichengdarunfa,25,200,174376,0
1761566997.481937,1761566999.766361,huiyang,kaichengdarunfa,29,200,174461,0
1761567002.6369221,1761567005.242541,huiyang,kaichengdarunfa,27,200,174154,0
1761567007.632106,1761567011.3941708,huiyang,kaichengdarunfa,28,200,174425,0
1761567012.592735,1761567015.4435918,huiyang,kaichengdarunfa,31,200,174234,0
1761567016.465515,1761567018.78278,huiyang,nanzhanxincheng,1,200,174220,0
1761567017.567497,1761567022.6210508,huiyang,kaichengdarunfa,32,200,174394,0
1761567022.906891,1761567025.835607,huiyang,kaichengdarunfa,30,200,174721,0
1761567021.6308239,1761567026.626001,huiyang,nanzhanxincheng,2,200,174488,0
1761567027.488696,1761567029.7291992,huiyang,kaichengdarunfa,33,200,174368,0
1761567026.508138,1761567030.707999,huiyang,nanzhanxincheng,3,200,174560,0
1761567031.3854,1761567033.996053,huiyang,nanzhanxincheng,5,200,174087,0
1761567036.426843,1761567039.863659,huiyang,nanzhanxincheng,7,200,174200,0
1761567041.579672,1761567044.84043,huiyang,nanzhanxincheng,4,200,174446,0
1761567046.250231,1761567049.795037,huiyang,nanzhanxincheng,9,200,174234,0
1761567051.530855,1761567054.0365179,huiyang,nanzhanxincheng,8,200,174911,0
1761567056.4964118,1761567061.4033122,huiyang,nanzhanxincheng,6,200,173938,0
1761567061.515878,1761567064.1242082,huiyang,nanzhanxincheng,10,200,174090,0
1761567066.410753,1761567069.659043,huiyang,nanzhanxincheng,14,200,174326,0
1761567071.4691541,1761567074.262188,huiyang,nanzhanxincheng,12,200,174341,0
1761567076.351557,1761567079.493115,huiyang,nanzhanxincheng,15,200,174115,0
1761567081.402046,1761567083.73606,huiyang,nanzhanxincheng,16,200,173691,0
1761567086.274506,1761567090.465457,huiyang,nanzhanxincheng,11,200,174391,0
1761567091.5171258,1761567095.0486379,huiyang,nanzhanxincheng,19,200,174308,0
1761567096.634366,1761567099.600618,huiyang,nanzhanxincheng,18,200,174082,0
1761567101.508306,1761567106.447211,huiyang,nanzhanxincheng,13,200,174132,0
1761567106.166427,1761567109.983948,huiyang,nanzhanxincheng,20,200,174090,0
1761567111.287643,1761567113.968825,huiyang,nanzhanxincheng,21,200,174059,0
1761567116.18678,1761567120.966248,huiyang,nanzhanxincheng,17,200,174507,0
1761567121.22832,1761567125.36444,huiyang,nanzhanxincheng,24,200,174806,0
1761567126.4365199,1761567129.124022,huiyang,nanzhanxincheng,25,200,174144,0
1761567131.346923,1761567135.6513438,huiyang,nanzhanxincheng,22,200,174252,0
1761567136.295205,1761567139.740052,huiyang,nanzhanxincheng,23,200,174122,0
1761567141.295383,1761567144.0684092,huiyang,nanzhanxincheng,26,200,174307,0
1761567146.262057,1761567150.151695,huiyang,nanzhanxincheng,28,200,174476,0
1761567151.4709141,1761567154.1450229,huiyang,nanzhanxincheng,27,200,174510,0
1761567156.700427,1761567159.54737,huiyang,nanzhanxincheng,31,200,174072,0
1761567161.383451,1761567164.444444,huiyang,nanzhanxincheng,29,200,174414,0
1761567166.137276,1761567169.202944,huiyang,nanzhanxincheng,30,200,174706,0
1761567165.520053,1761567169.289193,huiyang,qiuchang,1,200,174296,0
1761567171.428596,1761567173.767505,huiyang,nanzhanxincheng,32,200,174047,0
1761567170.556837,1761567174.0097039,huiyang,qiuchang,2,200,174103,0
1761567175.1463192,1761567178.4872682,huiyang,qiuchang,5,200,174308,0
1761567176.410227,1761567179.950829,huiyang,nanzhanxincheng,33,200,174353,0
1761567180.6485069,1761567183.737934,huiyang,qiuchang,3,200,174166,0
1761567185.300664,1761567188.726155,huiyang,qiuchang,4,200,174391,0
1761567190.651402,1761567194.0812328,huiyang,qiuchang,8,200,174856,0
1761567195.242288,1761567197.665707,huiyang,qiuchang,9,200,174518,0
1761567200.3751318,1761567203.7052329,huiyang,qiuchang,11,200,174336,0
1761567205.414266,1761567208.532608,huiyang,qiuchang,7,200,174082,0
1761567210.4807858,1761567214.0622652,huiyang,qiuchang,6,200,173883,0
1761567215.2083662,1761567218.035554,huiyang,qiuchang,13,200,174077,0
1761567220.0815082,1761567224.4771662,huiyang,qiuchang,12,200,174222,0
1761567225.605782,1761567228.229644,huiyang,qiuchang,15,200,174310,0
1761567230.178452,1761567233.07923,huiyang,qiuchang,16,200,173636,0
1761567235.298174,1761567238.11101,huiyang,qiuchang,14,200,174271,0
1761567240.3804271,1761567243.1295092,huiyang,qiuchang,18,200,174532,0
1761567245.184094,1761567248.5890539,huiyang,qiuchang,10,200,174053,0
1761567250.416202,1761567253.267384,huiyang,qiuchang,21,200,174255,0
1761567255.3816152,1761567258.2837498,huiyang,qiuchang,19,200,174227,0
1761567260.417501,1761567262.896375,huiyang,qiuchang,20,200,173877,0
1761567265.133493,1761567270.021489,huiyang,qiuchang,24,200,174791,0
1761567270.3319402,1761567273.180778,huiyang,qiuchang,17,200,174188,0
1761567275.261654,1761567277.975456,huiyang,qiuchang,22,200,174282,0
1761567280.238966,1761567283.18852,huiyang,qiuchang,25,200,174252,0
1761567285.1239018,1761567289.0569332,huiyang,qiuchang,27,200,174305,0
1761567290.699699,1761567295.002594,huiyang,qiuchang,29,200,174436,0
1761567295.615669,1761567300.3708959,huiyang,qiuchang,26,200,174216,0
1761567300.423043,1761567303.0262048,huiyang,qiuchang,28,200,174008,0
1761567305.457153,1761567312.217694,huiyang,qiuchang,23,200,173928,0
1761567310.578801,1761567313.3116102,huiyang,qiuchang,31,200,174048,0
1761567313.945647,1761567316.962573,huiyang,quzhengfu1,1,200,174313,0
1761567315.676648,1761567318.600676,huiyang,qiuchang,32,200,174375,0
1761567319.338176,1761567322.492602,huiyang,quzhengfu1,2,200,174450,0
1761567320.256181,1761567324.29823,huiyang,qiuchang,30,200,174558,0
1761567324.514726,1761567327.454603,huiyang,quzhengfu1,3,200,174522,0
1761567325.4080389,1761567327.920244,huiyang,qiuchang,33,200,174342,0
1761567329.462741,1761567333.338988,huiyang,quzhengfu1,4,200,174107,0
1761567334.376055,1761567337.030928,huiyang,quzhengfu1,7,200,174246,0
1761567338.948571,1761567341.745121,huiyang,quzhengfu1,6,200,174449,0
1761567343.948705,1761567346.433836,huiyang,quzhengfu1,10,200,174070,0
1761567349.392989,1761567351.6910331,huiyang,quzhengfu1,9,200,174535,0
1761567354.441689,1761567356.840107,huiyang,quzhengfu1,12,200,174284,0
1761567359.022906,1761567362.6662478,huiyang,quzhengfu1,13,200,173788,0
1761567364.4825642,1761567367.345776,huiyang,quzhengfu1,14,200,174175,0
1761567369.20227,1761567372.2963479,huiyang,quzhengfu1,5,200,173991,0
1761567374.2374551,1761567378.19958,huiyang,quzhengfu1,8,200,174358,0
1761567379.09268,1761567382.009141,huiyang,quzhengfu1,16,200,174293,0
1761567384.179625,1761567387.787149,huiyang,quzhengfu1,18,200,174549,0
1761567389.022124,1761567391.330399,huiyang,quzhengfu1,11,200,174212,0
1761567394.5262,1761567397.0429142,huiyang,quzhengfu1,17,200,174460,0
1761567399.573131,1761567402.3324,huiyang,quzhengfu1,20,200,173894,0
1761567404.123819,1761567407.843343,huiyang,quzhengfu1,15,200,174336,0
1761567409.526083,1761567412.236141,huiyang,quzhengfu1,21,200,174272,0
1761567414.474661,1761567420.560956,huiyang,quzhengfu1,23,200,173945,0
1761567419.2402189,1761567424.3023071,huiyang,quzhengfu1,19,200,174244,0
1761567424.430839,1761567427.8749702,huiyang,quzhengfu1,22,200,174185,0
1761567429.3683891,1761567434.576385,huiyang,quzhengfu1,24,200,174204,0
1761567434.444482,1761567438.003207,huiyang,quzhengfu1,26,200,174527,0
1761567439.521836,1761567442.1949089,huiyang,quzhengfu1,27,200,174089,0
1761567444.5006962,1761567448.3446898,huiyang,quzhengfu1,30,200,174575,0
1761567449.173385,1761567452.333529,huiyang,quzhengfu1,28,200,174344,0
1761567454.228553,1761567457.153493,huiyang,quzhengfu1,29,200,174453,0
1761567459.226188,1761567462.4672809,huiyang,quzhengfu1,33,200,174429,0
1761567463.2002282,1761567465.614263,huiyang,xinxu,1,200,174275,0
1761567464.1779,1761567466.8733308,huiyang,quzhengfu1,31,200,174065,0
1761567468.578837,1761567471.383883,huiyang,xinxu,3,200,174572,0
1761567469.596302,1761567472.29252,huiyang,quzhengfu1,25,200,174269,0
1761567473.482025,1761567476.37885,huiyang,xinxu,2,200,174347,0
1761567474.1872718,1761567476.8792498,huiyang,quzhengfu1,32,200,174392,0
1761567478.182197,1761567480.943777,huiyang,xinxu,4,200,174042,0
1761567483.365518,1761567486.754893,huiyang,xinxu,7,200,174061,0
1761567488.2933,1761567491.358318,huiyang,xinxu,6,200,174218,0
1761567493.338455,1761567496.418144,huiyang,xinxu,10,200,174390,0
1761567498.605995,1761567501.287416,huiyang,xinxu,8,200,174174,0
1761567503.257918,1761567506.7699049,huiyang,xinxu,12,200,174201,0
1761567508.292696,1761567511.708472,huiyang,xinxu,9,200,174201,0
1761567513.126255,1761567516.099922,huiyang,xinxu,11,200,174174,0
1761567518.281316,1761567521.3553832,huiyang,xinxu,13,200,173750,0
1761567523.515945,1761567526.5788832,huiyang,xinxu,14,200,174303,0
1761567528.581399,1761567531.492672,huiyang,xinxu,15,200,174298,0
1761567533.545115,1761567536.5106921,huiyang,xinxu,17,200,174167,0
1761567538.2133691,1761567540.608384,huiyang,xinxu,18,200,173977,0
1761567543.271162,1761567547.323446,huiyang,xinxu,19,200,174436,0
1761567548.14023,1761567552.4873102,huiyang,xinxu,5,200,174011,0
1761567553.45414,1761567556.040575,huiyang,xinxu,16,200,173615,0
1761567558.6311429,1761567564.577173,huiyang,xinxu,20,200,174018,0
1761567563.1114109,1761567565.8758569,huiyang,xinxu,23,200,174262,0
1761567568.575506,1761567571.125789,huiyang,xinxu,25,200,174266,0
1761567573.636353,1761567576.141664,huiyang,xinxu,21,200,174234,0
1761567578.553534,1761567585.563422,huiyang,xinxu,24,200,174097,0
1761567583.4139898,1761567588.058725,huiyang,xinxu,27,200,174056,0
1761567588.599796,1761567592.014519,huiyang,xinxu,22,200,174189,0
1761567593.149329,1761567599.942165,huiyang,xinxu,28,200,173987,0
1761567598.228405,1761567600.718174,huiyang,xinxu,29,200,174415,0
1761567603.744128,1761567606.9673011,huiyang,xinxu,32,200,174359,0
1761567608.3470132,1761567611.970249,huiyang,xinxu,30,200,174644,0
1761567613.456272,1761567616.4840882,huiyang,xinxu,26,200,174195,0
1761567612.667135,1761567616.508441,dayawan,aotou,1,200,174278,0
1761567617.909285,1761567621.549686,dayawan,aotou,2,200,174350,0
1761567618.4740229,1761567622.2228181,huiyang,xinxu,31,200,174166,0
1761567623.780821,1761567626.722008,huiyang,xinxu,33,200,174057,0
1761567622.736162,1761567629.206723,dayawan,aotou,4,200,174373,0
1761567627.909462,1761567631.6654432,dayawan,aotou,6,200,173865,0
1761567632.897262,1761567636.6526752,dayawan,aotou,7,200,174211,0
1761567638.0805361,1761567644.2157052,dayawan,aotou,5,200,174014,0
1761567642.874466,1761567645.727733,dayawan,aotou,3,200,174487,0
1761567647.631779,1761567651.9208782,dayawan,aotou,10,200,174393,0
1761567652.933743,1761567655.899907,dayawan,aotou,8,200,174323,0
1761567657.8112798,1761567660.410951,dayawan,aotou,9,200,174580,0
1761567662.793348,1761567665.367559,dayawan,aotou,13,200,174491,0
1761567667.6715982,1761567670.458595,dayawan,aotou,15,200,174292,0
1761567673.0122292,1761567675.283607,dayawan,aotou,12,200,174204,0
1761567677.996651,1761567680.693482,dayawan,aotou,11,200,174338,0
1761567683.161837,1761567686.6097002,dayawan,aotou,16,200,174138,0
1761567687.854902,1761567690.626507,dayawan,aotou,14,200,174306,0
1761567693.032824,1761567696.25731,dayawan,aotou,17,200,174385,0
1761567698.216894,1761567701.892538,dayawan,aotou,18,200,173980,0
1761567703.002694,1761567706.184392,dayawan,aotou,21,200,174051,0
1761567707.834341,1761567711.413554,dayawan,aotou,19,200,174209,0
1761567712.987576,1761567715.959015,dayawan,aotou,22,200,174150,0
1761567717.942249,1761567721.2456288,dayawan,aotou,20,200,174452,0
1761567722.8646479,1761567725.8535192,dayawan,aotou,25,200,174269,0
1761567728.168368,1761567735.276733,dayawan,aotou,26,200,174198,0
1761567733.238264,1761567736.0997398,dayawan,aotou,27,200,174059,0
1761567738.106781,1761567743.4462101,dayawan,aotou,29,200,174418,0
1761567742.9470751,1761567745.618863,dayawan,aotou,23,200,173974,0
1761567748.251339,1761567753.6001909,dayawan,aotou,24,200,174099,0
1761567752.728943,1761567756.154389,dayawan,aotou,31,200,174017,0
1761567757.8760052,1761567761.162884,dayawan,aotou,28,200,174271,0
1761567761.9022532,1761567765.378742,dayawan,biyadishangquan,1,200,174516,0
1761567763.202848,1761567765.99562,dayawan,aotou,30,200,174647,0
1761567767.099978,1761567769.887628,dayawan,biyadishangquan,3,200,174566,0
1761567768.2360818,1761567770.636959,dayawan,aotou,32,200,174362,0
1761567771.947873,1761567776.013782,dayawan,biyadishangquan,4,200,174124,0
1761567773.061169,1761567776.0212018,dayawan,aotou,33,200,174060,0
1761567777.0970619,1761567780.69439,dayawan,biyadishangquan,7,200,174143,0
1761567782.095736,1761567785.5156832,dayawan,biyadishangquan,8,200,174256,0
1761567787.0874822,1761567791.854124,dayawan,biyadishangquan,2,200,174429,0
1761567792.02669,1761567794.798866,dayawan,biyadishangquan,5,200,174035,0
1761567796.97865,1761567800.547449,dayawan,biyadishangquan,10,200,174472,0
1761567802.1676009,1761567805.231921,dayawan,biyadishangquan,9,200,174579,0
1761567806.9931462,1761567810.495538,dayawan,biyadishangquan,13,200,174178,0
1761567812.138335,1761567816.688981,dayawan,biyadishangquan,14,200,174385,0
1761567817.246256,1761567823.034975,dayawan,biyadishangquan,6,200,174300,0
1761567822.138394,1761567826.004831,dayawan,biyadishangquan,15,200,174371,0
1761567827.0272589,1761567830.919209,dayawan,biyadishangquan,11,200,174256,0
1761567832.213144,1761567835.9836779,dayawan,biyadishangquan,17,200,174504,0
1761567837.1511302,1761567841.719584,dayawan,biyadishangquan,12,200,174283,0
1761567847.326163,1761567850.784427,dayawan,biyadishangquan,18,200,174059,0
1761567842.276701,1761567851.294694,dayawan,biyadishangquan,16,200,174217,0
1761567852.3357508,1761567855.494975,dayawan,biyadishangquan,21,200,174316,0
1761567856.9201322,1761567860.1022038,dayawan,biyadishangquan,22,200,174229,0
1761567862.4407868,1761567865.836801,dayawan,biyadishangquan,24,200,174178,0
1761567866.991261,1761567870.1374311,dayawan,biyadishangquan,25,200,174348,0
1761567871.8692539,1761567874.439401,dayawan,biyadishangquan,20,200,174100,0
1761567877.252136,1761567880.276139,dayawan,biyadishangquan,19,200,174518,0
1761567882.3643909,1761567887.5480871,dayawan,biyadishangquan,26,200,174277,0
1761567887.068684,1761567891.643043,dayawan,biyadishangquan,28,200,174350,0
1761567891.944006,1761567894.5262,dayawan,biyadishangquan,29,200,174497,0
1761567896.948906,1761567899.937203,dayawan,biyadishangquan,30,200,174726,0
1761567902.395602,1761567906.185493,dayawan,biyadishangquan,32,200,174082,0
1761567907.087811,1761567909.9131641,dayawan,biyadishangquan,23,200,174431,0
1761567911.036887,1761567914.4440389,dayawan,kaichengdarunfa,1,200,174525,0
1761567912.283833,1761567917.461432,dayawan,biyadishangquan,33,200,174377,0
1761567916.0280461,1761567918.643893,dayawan,kaichengdarunfa,2,200,174173,0
1761567917.036659,1761567919.3473668,dayawan,biyadishangquan,27,200,174138,0
1761567921.025184,1761567924.00123,dayawan,kaichengdarunfa,4,200,174160,0
1761567922.008544,1761567926.5121448,dayawan,biyadishangquan,31,200,174248,0
1761567925.590741,1761567929.430092,dayawan,kaichengdarunfa,5,200,174044,0
1761567930.70307,1761567933.88236,dayawan,kaichengdarunfa,6,200,173953,0
1761567935.873568,1761567939.874867,dayawan,kaichengdarunfa,8,200,174411,0
1761567940.8990002,1761567943.651547,dayawan,kaichengdarunfa,10,200,174123,0
1761567945.6157079,1761567949.0782778,dayawan,kaichengdarunfa,3,200,174236,0
1761567951.1000352,1761567956.37713,dayawan,kaichengdarunfa,12,200,174617,0
1761567955.6258078,1761567958.371265,dayawan,kaichengdarunfa,9,200,174668,0
1761567960.982604,1761567964.08849,dayawan,kaichengdarunfa,14,200,174394,0
1761567965.881069,1761567968.955936,dayawan,kaichengdarunfa,13,200,173841,0
1761567970.648688,1761567974.6619442,dayawan,kaichengdarunfa,7,200,174299,0
1761567975.8415859,1761567980.474869,dayawan,kaichengdarunfa,17,200,174513,0
1761567980.944342,1761567983.756764,dayawan,kaichengdarunfa,16,200,173706,0
1761567986.056788,1761567990.2718341,dayawan,kaichengdarunfa,15,200,174121,0
1761567990.678032,1761567995.029686,dayawan,kaichengdarunfa,11,200,174426,0
1761567995.707573,1761567999.5759869,dayawan,kaichengdarunfa,18,200,174488,0
1761568000.609798,1761568003.427851,dayawan,kaichengdarunfa,21,200,174095,0
1761568005.648363,1761568008.582697,dayawan,kaichengdarunfa,19,200,174297,0
1761568015.595808,1761568018.318964,dayawan,kaichengdarunfa,23,200,174062,0
1761568010.802495,1761568018.327132,dayawan,kaichengdarunfa,22,200,174238,0
1761568020.988662,1761568025.0115788,dayawan,kaichengdarunfa,20,200,174540,0
1761568025.959924,1761568030.6055229,dayawan,kaichengdarunfa,26,200,174580,0
1761568031.140357,1761568033.982199,dayawan,kaichengdarunfa,27,200,174147,0
1761568036.110589,1761568038.830378,dayawan,kaichengdarunfa,28,200,174426,0
1761568041.061195,1761568043.974839,dayawan,kaichengdarunfa,30,200,174607,0
1761568045.706069,1761568048.5654972,dayawan,kaichengdarunfa,31,200,174105,0
1761568050.7386508,1761568054.8725262,dayawan,kaichengdarunfa,25,200,174383,0
1761568056.1017249,1761568058.969375,dayawan,kaichengdarunfa,33,200,174430,0
1761568060.1159701,1761568063.169313,dayawan,longguangcheng,1,200,174344,0
1761568060.898666,1761568064.593099,dayawan,kaichengdarunfa,24,200,174187,0
1761568065.119621,1761568068.741415,dayawan,longguangcheng,2,200,174481,0
1761568065.998067,1761568071.7065039,dayawan,kaichengdarunfa,32,200,174450,0
1761568070.021004,1761568072.529345,dayawan,longguangcheng,4,200,174138,0
1761568071.180199,1761568074.1628249,dayawan,kaichengdarunfa,29,200,174494,0
1761568075.02303,1761568079.441165,dayawan,longguangcheng,6,200,174287,0
1761568079.937804,1761568083.751233,dayawan,longguangcheng,5,200,174356,0
1761568084.792208,1761568087.753454,dayawan,longguangcheng,8,200,174852,0
1761568089.660077,1761568093.3199081,dayawan,longguangcheng,7,200,174130,0
1761568094.871068,1761568099.625702,dayawan,longguangcheng,11,200,174243,0
1761568100.0170891,1761568104.537148,dayawan,longguangcheng,3,200,174641,0
1761568105.08905,1761568108.019468,dayawan,longguangcheng,12,200,174270,0
1761568110.164651,1761568114.558134,dayawan,longguangcheng,14,200,174206,0
1761568114.70593,1761568117.355941,dayawan,longguangcheng,10,200,174101,0
1761568120.0538309,1761568124.604289,dayawan,longguangcheng,16,200,173684,0
1761568124.913961,1761568128.747081,dayawan,longguangcheng,9,200,174646,0
1761568129.937854,1761568133.571309,dayawan,longguangcheng,13,200,174165,0
1761568134.84829,1761568138.8417768,dayawan,longguangcheng,15,200,174099,0
1761568139.984156,1761568148.162179,dayawan,longguangcheng,18,200,174580,0
1761568145.158551,1761568149.0841348,dayawan,longguangcheng,17,200,174236,0
1761568149.824949,1761568152.872567,dayawan,longguangcheng,19,200,174505,0
1761568154.9257548,1761568157.8909252,dayawan,longguangcheng,22,200,174216,0
1761568160.08005,1761568163.8301098,dayawan,longguangcheng,20,200,173925,0
1761568164.777452,1761568167.6501591,dayawan,longguangcheng,25,200,174361,0
1761568169.7781289,1761568172.598346,dayawan,longguangcheng,23,200,174418,0
1761568174.837537,1761568177.3251688,dayawan,longguangcheng,21,200,174073,0
1761568180.094829,1761568183.6973078,dayawan,longguangcheng,24,200,174839,0
1761568185.193234,1761568188.82059,dayawan,longguangcheng,28,200,174337,0
1761568189.9046242,1761568193.526727,dayawan,longguangcheng,27,200,174353,0
1761568194.808815,1761568198.852695,dayawan,longguangcheng,26,200,174264,0
1761568200.268856,1761568204.1791308,dayawan,longguangcheng,31,200,174235,0
1761568204.891728,1761568208.1579149,dayawan,longguangcheng,32,200,174423,0
1761568209.156186,1761568212.06071,dayawan,wanda15,1,200,174451,0
1761568209.8192399,1761568212.57339,dayawan,longguangcheng,30,200,174713,0
1761568214.116427,1761568217.2801,dayawan,wanda15,3,200,174162,0
1761568214.7188668,1761568218.920078,dayawan,longguangcheng,33,200,174408,0
1761568219.304843,1761568222.7008572,dayawan,wanda15,4,200,174086,0
1761568219.713869,1761568225.069441,dayawan,longguangcheng,29,200,174583,0
1761568224.240958,1761568227.190305,dayawan,wanda15,2,200,174099,0
1761568228.935625,1761568232.129631,dayawan,wanda15,7,200,174225,0
1761568234.1117492,1761568237.251123,dayawan,wanda15,8,200,174800,0
1761568239.362241,1761568243.39642,dayawan,wanda15,5,200,174028,0
1761568244.117654,1761568247.1841888,dayawan,wanda15,9,200,174514,0
1761568248.826071,1761568251.550975,dayawan,wanda15,6,200,174235,0
1761568254.229494,1761568257.528071,dayawan,wanda15,13,200,173767,0
1761568258.9924638,1761568262.440324,dayawan,wanda15,10,200,174031,0
1761568264.0482712,1761568267.255765,dayawan,wanda15,14,200,174269,0
1761568269.1103098,1761568271.6457,dayawan,wanda15,16,200,174272,0
1761568279.333817,1761568282.69555,dayawan,wanda15,17,200,174184,0
1761568283.8764548,1761568286.436513,dayawan,wanda15,11,200,174191,0
1761568274.27954,1761568286.9867609,dayawan,wanda15,15,200,174315,0
1761568289.3878,1761568293.92664,dayawan,wanda15,20,200,174466,0
1761568294.313319,1761568297.361957,dayawan,wanda15,18,200,174414,0
1761568298.909564,1761568301.5359092,dayawan,wanda15,22,200,174206,0
1761568304.2770078,1761568308.989835,dayawan,wanda15,21,200,174065,0
1761568309.060124,1761568312.516095,dayawan,wanda15,12,200,174218,0
1761568319.314202,1761568321.9822779,dayawan,wanda15,25,200,174283,0
1761568324.429924,1761568327.8135629,dayawan,wanda15,24,200,174113,0
1761568314.1782348,1761568329.285303,dayawan,wanda15,19,200,174223,0
1761568329.393845,1761568332.6886048,dayawan,wanda15,27,200,174301,0
1761568334.217131,1761568337.604206,dayawan,wanda15,23,200,174279,0
1761568339.149778,1761568343.338788,dayawan,wanda15,28,200,174352,0
1761568344.1644301,1761568348.554711,dayawan,wanda15,30,200,174533,0
1761568348.8926852,1761568352.14741,dayawan,wanda15,26,200,174212,0
1761568353.971435,1761568358.743954,dayawan,wanda15,29,200,174531,0
1761568358.8979342,1761568362.124269,dayawan,wanda15,32,200,174376,0
1761568359.691922,1761568363.696048,dayawan,wuyueguangchang1,1,200,174361,0
1761568364.466967,1761568367.069141,dayawan,wanda15,31,200,174183,0
1761568364.512971,1761568367.318173,dayawan,wuyueguangchang1,2,200,174433,0
1761568369.453409,1761568372.4139662,dayawan,wanda15,33,200,174356,0
1761568369.488856,1761568373.260555,dayawan,wuyueguangchang1,3,200,174658,0
1761568374.714565,1761568378.732664,dayawan,wuyueguangchang1,7,200,174501,0
1761568379.876416,1761568383.3798752,dayawan,wuyueguangchang1,8,200,174869,0
1761568384.5839732,1761568387.472963,dayawan,wuyueguangchang1,6,200,173948,0
1761568389.6068711,1761568393.208954,dayawan,wuyueguangchang1,9,200,174287,0
1761568394.505363,1761568398.017299,dayawan,wuyueguangchang1,11,200,174421,0
1761568399.922213,1761568403.8583019,dayawan,wuyueguangchang1,10,200,174100,0
1761568404.942522,1761568407.956838,dayawan,wuyueguangchang1,12,200,174612,0
1761568409.691721,1761568413.2803469,dayawan,wuyueguangchang1,14,200,174338,0
1761568414.778707,1761568418.6101398,dayawan,wuyueguangchang1,13,200,174574,0
1761568419.515637,1761568422.7388449,dayawan,wuyueguangchang1,16,200,173701,0
1761568424.8351512,1761568428.7056289,dayawan,wuyueguangchang1,17,200,174253,0
1761568429.726086,1761568433.185686,dayawan,wuyueguangchang1,15,200,174116,0
1761568434.413132,1761568439.0248919,dayawan,wuyueguangchang1,4,200,174456,0
1761568439.55086,1761568442.568065,dayawan,wuyueguangchang1,18,200,174483,0
1761568444.474994,1761568448.417641,dayawan,wuyueguangchang1,21,200,174134,0
1761568449.948763,1761568453.730292,dayawan,wuyueguangchang1,22,200,174275,0
1761568454.522967,1761568456.933951,dayawan,wuyueguangchang1,23,200,174435,0
1761568459.927472,1761568464.175572,dayawan,wuyueguangchang1,24,200,174183,0
1761568464.5778172,1761568467.759548,dayawan,wuyueguangchang1,5,200,174039,0
1761568469.568752,1761568474.812833,dayawan,wuyueguangchang1,20,200,174535,0
1761568474.422985,1761568478.2031,dayawan,wuyueguangchang1,26,200,174575,0
1761568479.664365,1761568482.198875,dayawan,wuyueguangchang1,25,200,174352,0
1761568484.8445,1761568488.706265,dayawan,wuyueguangchang1,28,200,174354,0
1761568489.914248,1761568492.847905,dayawan,wuyueguangchang1,30,200,174602,0
1761568494.8480818,1761568497.557282,dayawan,wuyueguangchang1,19,200,174522,0
1761568499.745345,1761568506.1558988,dayawan,wuyueguangchang1,27,200,174524,0
1761568504.890361,1761568510.461343,dayawan,wuyueguangchang1,29,200,174489,0
1761568509.541574,1761568512.71254,dayawan,wuyueguangchang1,33,200,174425,0
1761568511.067204,1761568514.637441,dayawan,xiayong,1,200,174451,0
1761568514.606504,1761568517.629746,dayawan,wuyueguangchang1,32,200,174086,0
1761568516.563095,1761568520.074901,dayawan,xiayong,3,200,174501,0
1761568519.961483,1761568522.953635,dayawan,wuyueguangchang1,31,200,174100,0
1761568521.4202209,1761568524.2836869,dayawan,xiayong,5,200,174304,0
1761568526.6694431,1761568529.712621,dayawan,xiayong,6,200,173879,0
1761568531.123528,1761568534.831769,dayawan,xiayong,4,200,174059,0
1761568536.3327081,1761568539.849865,dayawan,xiayong,8,200,174337,0
1761568541.518613,1761568545.851582,dayawan,xiayong,7,200,174432,0
1761568546.484025,1761568548.9655738,dayawan,xiayong,10,200,174049,0
1761568551.1860962,1761568555.0713952,dayawan,xiayong,12,200,174263,0
1761568556.645133,1761568561.143979,dayawan,xiayong,9,200,174514,0
1761568561.116999,1761568564.120256,dayawan,xiayong,11,200,174191,0
1761568566.5470872,1761568570.468438,dayawan,xiayong,14,200,174320,0
1761568571.374083,1761568574.462569,dayawan,xiayong,2,200,174099,0
1761568576.5318358,1761568579.5810251,dayawan,xiayong,16,200,174152,0
1761568581.219177,1761568584.1812868,dayawan,xiayong,17,200,174184,0
1761568586.4448378,1761568589.306644,dayawan,xiayong,18,200,174528,0
1761568591.14491,1761568594.8394759,dayawan,xiayong,13,200,174113,0
1761568596.5319529,1761568600.1657012,dayawan,xiayong,15,200,174315,0
1761568601.5323038,1761568604.6113532,dayawan,xiayong,21,200,174065,0
1761568606.5984151,1761568609.48805,dayawan,xiayong,22,200,174164,0
1761568611.689636,1761568614.908863,dayawan,xiayong,20,200,174035,0
1761568616.203767,1761568619.312865,dayawan,xiayong,23,200,174279,0
1761568621.625175,1761568624.638908,dayawan,xiayong,25,200,174036,0
1761568626.172176,1761568629.144238,dayawan,xiayong,27,200,174301,0
1761568631.53249,1761568635.4018822,dayawan,xiayong,28,200,174352,0
1761568636.734889,1761568640.7153559,dayawan,xiayong,26,200,174506,0
1761568641.409591,1761568643.892145,dayawan,xiayong,24,200,174114,0
1761568646.614889,1761568649.62581,dayawan,xiayong,29,200,174531,0
1761568651.467289,1761568655.1555588,dayawan,xiayong,19,200,174453,0
1761568656.424067,1761568659.660505,dayawan,xiayong,33,200,174338,0
1761568660.698753,1761568664.382494,dayawan,xiquxinliao,1,200,174326,0
1761568661.22744,1761568666.2653801,dayawan,xiayong,32,200,174376,0
1761568665.4935832,1761568668.3724842,dayawan,xiquxinliao,2,200,174133,0
1761568666.214394,1761568669.389226,dayawan,xiayong,30,200,174533,0
1761568670.3543,1761568674.30482,dayawan,xiquxinliao,3,200,174196,0
1761568671.362863,1761568674.313565,dayawan,xiayong,31,200,174031,0
1761568675.734404,1761568679.934643,dayawan,xiquxinliao,5,200,174062,0
1761568680.706795,1761568683.72676,dayawan,xiquxinliao,7,200,174466,0
1761568685.706673,1761568689.3694441,dayawan,xiquxinliao,6,200,174269,0
1761568690.64313,1761568699.497389,dayawan,xiquxinliao,8,200,174834,0
1761568695.760798,1761568700.416384,dayawan,xiquxinliao,4,200,174120,0
1761568700.400106,1761568703.386857,dayawan,xiquxinliao,10,200,174065,0
1761568705.771477,1761568708.4044921,dayawan,xiquxinliao,9,200,174628,0
1761568710.438953,1761568713.421812,dayawan,xiquxinliao,11,200,174386,0
1761568715.739809,1761568718.441327,dayawan,xiquxinliao,13,200,174147,0
1761568720.7015831,1761568725.301449,dayawan,xiquxinliao,12,200,174252,0
1761568725.829524,1761568729.762795,dayawan,xiquxinliao,15,200,174340,0
1761568730.44883,1761568736.856413,dayawan,xiquxinliao,16,200,174306,0
1761568735.37423,1761568739.023413,dayawan,xiquxinliao,17,200,174433,0
1761568740.587946,1761568745.466764,dayawan,xiquxinliao,14,200,174188,0
1761568745.517382,1761568748.6457732,dayawan,xiquxinliao,19,200,174257,0
1761568750.83246,1761568753.869781,dayawan,xiquxinliao,20,200,174500,0
1761568755.363752,1761568759.195727,dayawan,xiquxinliao,23,200,174022,0
1761568760.832639,1761568766.0569332,dayawan,xiquxinliao,18,200,174562,0
1761568765.49341,1761568769.439834,dayawan,xiquxinliao,22,200,174198,0
1761568770.449692,1761568774.657158,dayawan,xiquxinliao,21,200,174285,0
1761568775.470198,1761568779.162945,dayawan,xiquxinliao,25,200,174343,0
1761568780.915461,1761568784.184934,dayawan,xiquxinliao,27,200,174489,0
1761568785.711027,1761568789.481997,dayawan,xiquxinliao,26,200,174540,0
1761568790.642121,1761568794.2359521,dayawan,xiquxinliao,24,200,174147,0
1761568795.8489852,1761568799.746355,dayawan,xiquxinliao,29,200,174565,0
1761568800.892085,1761568804.350291,dayawan,xiquxinliao,32,200,174051,0
1761568805.682434,1761568811.117377,dayawan,xiquxinliao,31,200,174078,0
1761568810.66567,1761568813.608136,dayawan,xiquxinliao,28,200,174038,0
1761568811.915072,1761568814.8021472,huidong,huidongxiancheng,1,200,174227,0
1761568815.620013,1761568819.205185,dayawan,xiquxinliao,30,200,174567,0
1761568817.284548,1761568821.660876,huidong,huidongxiancheng,2,200,174430,0
1761568820.94911,1761568823.812497,dayawan,xiquxinliao,33,200,174108,0
1761568822.0028968,1761568826.267852,huidong,huidongxiancheng,3,200,174228,0
1761568826.806207,1761568830.362474,huidong,huidongxiancheng,5,200,174036,0
1761568831.9592488,1761568834.564074,huidong,huidongxiancheng,4,200,174125,0
1761568836.9916,1761568840.5006049,huidong,huidongxiancheng,6,200,174494,0
1761568842.10129,1761568845.418541,huidong,huidongxiancheng,9,200,174660,0
1761568847.32609,1761568849.923429,huidong,huidongxiancheng,10,200,174097,0
1761568852.1127229,1761568856.375572,huidong,huidongxiancheng,12,200,174329,0
1761568857.156524,1761568860.105696,huidong,huidongxiancheng,8,200,174257,0
1761568861.8929138,1761568865.6944718,huidong,huidongxiancheng,11,200,174257,0
1761568866.916167,1761568869.9937432,huidong,huidongxiancheng,7,200,174498,0
1761568872.130744,1761568874.812493,huidong,huidongxiancheng,15,200,174113,0
1761568876.981388,1761568879.625227,huidong,huidongxiancheng,16,200,174218,0
1761568881.883297,1761568887.917363,huidong,huidongxiancheng,18,200,174480,0
1761568887.009364,1761568890.7824829,huidong,huidongxiancheng,14,200,174386,0
1761568892.248831,1761568895.1851351,huidong,huidongxiancheng,19,200,174404,0
1761568896.845354,1761568899.695868,huidong,huidongxiancheng,20,200,174101,0
1761568901.885074,1761568904.9154618,huidong,huidongxiancheng,22,200,174133,0
1761568907.160068,1761568911.9241412,huidong,huidongxiancheng,13,200,174179,0
1761568912.016603,1761568915.359683,huidong,huidongxiancheng,23,200,174530,0
1761568916.876857,1761568920.783486,huidong,huidongxiancheng,25,200,174319,0
1761568922.241496,1761568925.95697,huidong,huidongxiancheng,26,200,174615,0
1761568927.346826,1761568930.102463,huidong,huidongxiancheng,17,200,174505,0
1761568931.903748,1761568935.429549,huidong,huidongxiancheng,28,200,174376,0
1761568936.8761868,1761568943.419434,huidong,huidongxiancheng,24,200,174849,0
1761568942.459469,1761568946.9980092,huidong,huidongxiancheng,21,200,174404,0
1761568947.016017,1761568950.0312161,huidong,huidongxiancheng,27,200,174148,0
1761568952.417918,1761568955.39484,huidong,huidongxiancheng,32,200,174538,0
1761568957.131249,1761568959.9015281,huidong,huidongxiancheng,29,200,174518,0
1761568960.573567,1761568964.1077619,huidong,huidongyanhai,1,200,174206,0
1761568962.140061,1761568964.911621,huidong,huidongxiancheng,30,200,174284,0
1761568965.686932,1761568969.804252,huidong,huidongyanhai,3,200,174546,0
1761568967.377918,1761568970.33795,huidong,huidongxiancheng,31,200,174203,0
1761568970.755073,1761568974.446323,huidong,huidongyanhai,2,200,174144,0
1761568972.4967082,1761568974.89501,huidong,huidongxiancheng,33,200,174467,0
1761568975.991211,1761568980.2224362,huidong,huidongyanhai,7,200,174175,0
1761568980.9229681,1761568983.8644621,huidong,huidongyanhai,6,200,173924,0
1761568985.682372,1761568989.2945962,huidong,huidongyanhai,9,200,174639,0
1761568991.017171,1761568994.721388,huidong,huidongyanhai,10,200,174452,0
1761568995.825217,1761568998.406683,huidong,huidongyanhai,8,200,174318,0
1761569001.0081549,1761569004.349887,huidong,huidongyanhai,12,200,174308,0
1761569005.788903,1761569009.2578628,huidong,huidongyanhai,4,200,174423,0
1761569010.910317,1761569013.808795,huidong,huidongyanhai,14,200,174199,0
1761569015.835859,1761569018.990839,huidong,huidongyanhai,13,200,174158,0
1761569020.968319,1761569024.926217,huidong,huidongyanhai,16,200,174197,0
1761569025.845189,1761569030.193255,huidong,huidongyanhai,11,200,174397,0
1761569030.876439,1761569033.4316092,huidong,huidongyanhai,15,200,174328,0
1761569035.8334389,1761569038.560072,huidong,huidongyanhai,18,200,174459,0
1761569040.835959,1761569045.508656,huidong,huidongyanhai,19,200,174267,0
1761569045.660148,1761569048.588622,huidong,huidongyanhai,17,200,174444,0
1761569051.065293,1761569054.4066482,huidong,huidongyanhai,20,200,174080,0
1761569055.741476,1761569058.000067,huidong,huidongyanhai,23,200,174259,0
1761569094.688143,1761569097.498247,huidong,huidongyanhai,21,200,174383,0
1761569060.6644769,1761569102.4421241,huidong,huidongyanhai,22,200,174112,0
1761569099.307892,1761569105.3695328,huidong,huidongyanhai,24,200,174190,0
1761569104.5844212,1761569108.3733,huidong,huidongyanhai,26,200,174244,0
1761569109.3482082,1761569112.4689338,huidong,huidongyanhai,25,200,174298,0
1761569114.559235,1761569117.931645,huidong,huidongyanhai,27,200,174419,0
1761569124.561547,1761569128.668971,huidong,huidongyanhai,5,200,174073,0
1761569119.582562,1761569130.388649,huidong,huidongyanhai,28,200,174484,0
1761569129.295928,1761569131.6178272,huidong,huidongyanhai,29,200,174497,0
1761569597.194688,1761569600.470828,huidong,huidongyanhai,33,200,174455,0
1761569601.567806,1761569603.876302,huidong,shiliyintan,1,200,174482,0
1761569602.261547,1761569604.784651,huidong,huidongyanhai,31,200,173980,0
1761569134.348372,1761569604.900688,huidong,huidongyanhai,32,200,174525,0
1761569607.055496,1761569610.248148,huidong,huidongyanhai,30,200,174220,0
1761569606.262798,1761569610.273633,huidong,shiliyintan,3,200,174532,0
1761569611.316884,1761569614.52073,huidong,shiliyintan,2,200,174395,0
1761569616.5809312,1761569620.93615,huidong,shiliyintan,4,200,174117,0
1761569621.5828412,1761569626.6047502,huidong,shiliyintan,5,200,174304,0
1761569626.380513,1761569629.418195,huidong,shiliyintan,7,200,174463,0
1761569631.348759,1761569633.850493,huidong,shiliyintan,8,200,174831,0
1761569636.605428,1761569639.783125,huidong,shiliyintan,10,200,174227,0
1761569641.534181,1761569644.119908,huidong,shiliyintan,11,200,174194,0
1761569646.4763782,1761569650.2112908,huidong,shiliyintan,6,200,174266,0
1761569651.228271,1761569654.059049,huidong,shiliyintan,9,200,174625,0
1761569656.344245,1761569658.90098,huidong,shiliyintan,15,200,174337,0
1761569661.530151,1761569664.5183349,huidong,shiliyintan,14,200,174185,0
1761569666.581007,1761569669.110965,huidong,shiliyintan,12,200,174574,0
1761569671.193486,1761569673.822752,huidong,shiliyintan,17,200,174470,0
1761569676.30531,1761569680.148121,huidong,shiliyintan,13,200,173798,0
1761569681.6483269,1761569684.994137,huidong,shiliyintan,16,200,173505,0
1761569686.7193239,1761569691.651498,huidong,shiliyintan,19,200,174369,0
1761569691.644615,1761569694.668452,huidong,shiliyintan,18,200,174445,0
1761569696.442361,1761569699.1505191,huidong,shiliyintan,20,200,174066,0
1761569701.525287,1761569703.909546,huidong,shiliyintan,21,200,174149,0
1761569706.633205,1761569708.8669,huidong,shiliyintan,24,200,174701,0
1761569711.442034,1761569714.440874,huidong,shiliyintan,25,200,174337,0
1761569716.5312672,1761569719.098688,huidong,shiliyintan,26,200,174242,0
1761569721.516505,1761569724.60682,huidong,shiliyintan,22,200,174098,0
1761569726.279797,1761569729.275593,huidong,shiliyintan,23,200,174501,0
1761569731.581495,1761569735.783682,huidong,shiliyintan,27,200,174356,0
1761569736.321907,1761569739.983038,huidong,shiliyintan,30,200,174206,0
1761569741.511273,1761569743.9183009,huidong,shiliyintan,31,200,173966,0
1761569746.217781,1761569750.028495,huidong,shiliyintan,33,200,174232,0
1761569751.7340958,1761569754.0392451,huidong,shiliyintan,28,200,174408,0
1761569751.1497989,1761569757.425171,boluo,boluolongxi,1,200,174480,0
1761569755.812423,1761569758.314925,boluo,boluolongxi,2,200,174458,0
1761569756.6098502,1761569761.665558,huidong,shiliyintan,29,200,174565,0
1761569760.794482,1761569763.52992,boluo,boluolongxi,4,200,174088,0
1761569761.4920619,1761569763.9481878,huidong,shiliyintan,32,200,174461,0
1761569766.046195,1761569768.659575,boluo,boluolongxi,7,200,174461,0
1761569770.647451,1761569773.267162,boluo,boluolongxi,3,200,174298,0
1761569776.248477,1761569779.515784,boluo,boluolongxi,5,200,174302,0
1761569780.81118,1761569786.15939,boluo,boluolongxi,9,200,174247,0
1761569785.71573,1761569789.08951,boluo,boluolongxi,6,200,174264,0
1761569791.0314581,1761569794.232306,boluo,boluolongxi,8,200,174285,0
1761569796.0558379,1761569798.868345,boluo,boluolongxi,11,200,174381,0
1761569806.161998,1761569808.758765,boluo,boluolongxi,10,200,174436,0
1761569801.109072,1761569810.8778958,boluo,boluolongxi,13,200,174142,0
1761569811.1051579,1761569813.907518,boluo,boluolongxi,14,200,174397,0
1761569816.1707861,1761569818.730687,boluo,boluolongxi,12,200,174167,0
1761569820.874717,1761569823.468777,boluo,boluolongxi,16,200,174181,0
1761569825.876406,1761569828.872041,boluo,boluolongxi,17,200,174428,0
1761569830.708571,1761569833.9074361,boluo,boluolongxi,15,200,174335,0
1761569836.2276359,1761569838.695078,boluo,boluolongxi,20,200,174064,0
1761569841.27878,1761569844.939698,boluo,boluolongxi,18,200,174023,0
1761569846.176018,1761569849.453444,boluo,boluolongxi,19,200,174367,0
1761569851.234699,1761569854.471843,boluo,boluolongxi,23,200,174239,0
1761569855.990647,1761569858.769759,boluo,boluolongxi,21,200,173977,0
1761569861.0884202,1761569863.7239628,boluo,boluolongxi,22,200,174096,0
1761569866.123564,1761569868.699682,boluo,boluolongxi,26,200,174213,0
1761569870.819167,1761569874.0279071,boluo,boluolongxi,24,200,174699,0
1761569876.232224,1761569878.6728199,boluo,boluolongxi,27,200,174354,0
1761569880.902234,1761569883.96349,boluo,boluolongxi,28,200,174314,0
1761569886.0186088,1761569892.485295,boluo,boluolongxi,29,200,174462,0
1761569890.79246,1761569893.129478,boluo,boluolongxi,30,200,174602,0
1761569896.156908,1761569900.5396638,boluo,boluolongxi,33,200,174303,0
1761569901.141299,1761569903.8743858,boluo,boluolongxi,32,200,173932,0
1761569901.348332,1761569904.690292,boluo,boluoshiwan,1,200,174190,0
1761569906.031327,1761569908.646341,boluo,boluolongxi,31,200,174156,0
1761569906.3503091,1761569908.785438,boluo,boluoshiwan,3,200,174530,0
1761569911.66468,1761569915.034657,boluo,boluoshiwan,4,200,174407,0
1761569911.081454,1761569917.084228,boluo,boluolongxi,25,200,174363,0
1761569916.342861,1761569920.804426,boluo,boluoshiwan,5,200,174057,0
1761569921.58176,1761569924.6055198,boluo,boluoshiwan,7,200,174461,0
1761569926.75565,1761569930.0354922,boluo,boluoshiwan,6,200,173908,0
1761569931.5745542,1761569935.34656,boluo,boluoshiwan,2,200,174128,0
1761569936.355145,1761569941.202952,boluo,boluoshiwan,8,200,174829,0
1761569941.667525,1761569944.892677,boluo,boluoshiwan,11,200,174381,0
1761569946.395979,1761569948.710001,boluo,boluoshiwan,12,200,174167,0
1761569951.629341,1761569956.8249002,boluo,boluoshiwan,14,200,174397,0
1761569956.517395,1761569959.9296598,boluo,boluoshiwan,10,200,174225,0
1761569961.7473972,1761569966.493969,boluo,boluoshiwan,16,200,174301,0
1761569966.5473301,1761569969.136371,boluo,boluoshiwan,15,200,174335,0
1761569971.236875,1761569975.744513,boluo,boluoshiwan,18,200,174629,0
1761569976.389027,1761569979.7783082,boluo,boluoshiwan,13,200,174478,0
1761569981.3819158,1761569983.70465,boluo,boluoshiwan,19,200,174367,0
1761569986.64082,1761569989.0207381,boluo,boluoshiwan,20,200,174495,0
1761569991.5070689,1761569998.745406,boluo,boluoshiwan,21,200,174147,0
1761569996.469801,1761569998.795601,boluo,boluoshiwan,17,200,174249,0
1761570001.35814,1761570004.786836,boluo,boluoshiwan,24,200,174168,0
1761570006.60104,1761570009.147089,boluo,boluoshiwan,23,200,174239,0
1761570011.322631,1761570016.0412931,boluo,boluoshiwan,22,200,174340,0
1761570016.377407,1761570019.110112,boluo,boluoshiwan,9,200,174623,0
1761570021.374084,1761570025.09776,boluo,boluoshiwan,28,200,174119,0
1761570026.5225458,1761570030.284802,boluo,boluoshiwan,26,200,174560,0
1761570031.397652,1761570034.284991,boluo,boluoshiwan,25,200,174363,0
1761570036.7840178,1761570041.3518112,boluo,boluoshiwan,31,200,173905,0
1761570041.3644311,1761570043.912839,boluo,boluoshiwan,29,200,174462,0
1761570046.7633479,1761570050.158286,boluo,boluoshiwan,27,200,174128,0
1761570051.566727,1761570054.8584409,boluo,boluoshiwan,32,200,174463,0
1761570051.090442,1761570058.607371,boluo,boluoyuanzhou,1,200,174494,0
1761570055.850962,1761570058.747689,boluo,boluoyuanzhou,2,200,174407,0
1761570056.5472481,1761570058.919651,boluo,boluoshiwan,33,200,174504,0
1761570061.1264331,1761570063.8548648,boluo,boluoyuanzhou,4,200,174421,0
1761570061.675634,1761570064.186951,boluo,boluoshiwan,30,200,174602,0
1761570065.948811,1761570068.6920938,boluo,boluoyuanzhou,5,200,174013,0
1761570071.379714,1761570075.553047,boluo,boluoyuanzhou,3,200,174544,0
1761570075.818463,1761570078.3180008,boluo,boluoyuanzhou,6,200,174447,0
1761570080.878506,1761570084.567018,boluo,boluoyuanzhou,7,200,174475,0
1761570085.905918,1761570088.406055,boluo,boluoyuanzhou,11,200,174206,0
1761570091.168874,1761570093.501906,boluo,boluoyuanzhou,9,200,174637,0
1761570096.224242,1761570099.312347,boluo,boluoyuanzhou,12,200,174181,0
1761570101.383733,1761570103.8898392,boluo,boluoyuanzhou,10,200,174450,0
1761570106.363671,1761570110.87929,boluo,boluoyuanzhou,15,200,174358,0
1761570110.906958,1761570114.157878,boluo,boluoyuanzhou,13,200,173810,0
1761570115.906781,1761570120.4054122,boluo,boluoyuanzhou,16,200,174195,0
1761570121.0536509,1761570126.59636,boluo,boluoyuanzhou,17,200,174442,0
1761570126.041547,1761570129.293272,boluo,boluoyuanzhou,14,200,174363,0
1761570130.848968,1761570134.433789,boluo,boluoyuanzhou,19,200,174206,0
1761570136.4098308,1761570139.764643,boluo,boluoyuanzhou,20,200,174079,0
1761570141.399005,1761570144.7672021,boluo,boluoyuanzhou,18,200,174037,0
1761570146.2054431,1761570149.792234,boluo,boluoyuanzhou,21,200,173991,0
1761570150.988756,1761570153.622806,boluo,boluoyuanzhou,23,200,174001,0
1761570156.162227,1761570159.008678,boluo,boluoyuanzhou,8,200,174299,0
1761570160.9735649,1761570164.232496,boluo,boluoyuanzhou,24,200,174713,0
1761570166.4068239,1761570169.353712,boluo,boluoyuanzhou,26,200,174254,0
1761570171.086169,1761570175.8557792,boluo,boluoyuanzhou,27,200,174392,0
1761570176.207051,1761570181.436142,boluo,boluoyuanzhou,25,200,174369,0
1761570180.9676642,1761570188.205593,boluo,boluoyuanzhou,22,200,174110,0
1761570186.291863,1761570192.396079,boluo,boluoyuanzhou,29,200,174476,0
1761570190.967968,1761570195.363874,boluo,boluoyuanzhou,31,200,174166,0
1761570196.266415,1761570200.07478,boluo,boluoyuanzhou,28,200,174358,0
1761570200.693611,1761570203.989666,boluo,luofushan,1,200,174463,0
1761570201.383063,1761570204.025627,boluo,boluoyuanzhou,32,200,173946,0
1761570205.808511,1761570208.568872,boluo,luofushan,2,200,174376,0
1761570206.269444,1761570210.008009,boluo,boluoyuanzhou,30,200,174616,0
1761570210.9344058,1761570213.565266,boluo,boluoyuanzhou,33,200,174317,0
1761570211.165884,1761570213.641541,boluo,luofushan,5,200,173982,0
1761570215.993412,1761570218.481602,boluo,luofushan,7,200,174146,0
1761570220.786069,1761570225.095427,boluo,luofushan,4,200,174390,0
1761570226.201063,1761570229.779702,boluo,luofushan,3,200,174601,0
1761570230.762506,1761570233.459025,boluo,luofushan,10,200,174061,0
1761570241.2283788,1761570243.659692,boluo,luofushan,6,200,173891,0
1761570235.757121,1761570243.7117639,boluo,luofushan,9,200,174424,0
1761570246.15744,1761570250.799062,boluo,luofushan,11,200,174364,0
1761570250.812747,1761570255.1622558,boluo,luofushan,12,200,174150,0
1761570256.239972,1761570259.568594,boluo,luofushan,13,200,174125,0
1761570261.189624,1761570265.585685,boluo,luofushan,15,200,174059,0
1761570265.905199,1761570269.501813,boluo,luofushan,8,200,174812,0
1761570270.935532,1761570274.1674628,boluo,luofushan,17,200,174411,0
1761570276.001956,1761570278.92392,boluo,luofushan,19,200,174465,0
1761570281.0691469,1761570283.42902,boluo,luofushan,18,200,174612,0
1761570285.947574,1761570288.4072928,boluo,luofushan,21,200,173960,0
1761570291.1064131,1761570294.487157,boluo,luofushan,20,200,174478,0
1761570296.302058,1761570298.891204,boluo,luofushan,22,200,174079,0
1761570301.2400231,1761570304.309342,boluo,luofushan,14,200,174380,0
1761570306.1886458,1761570309.708677,boluo,luofushan,25,200,173993,0
1761570311.309591,1761570314.23288,boluo,luofushan,23,200,174222,0
1761570315.836254,1761570319.374423,boluo,luofushan,27,200,174337,0
1761570321.006222,1761570323.880301,boluo,luofushan,26,200,174196,0
1761570326.099093,1761570328.691221,boluo,luofushan,16,200,173486,0
1761570330.8629608,1761570336.4159958,boluo,luofushan,24,200,174682,0
1761570336.290014,1761570340.361778,boluo,luofushan,28,200,174327,0
1761570341.2751071,1761570345.102916,boluo,luofushan,31,200,173888,0
1761570345.8163142,1761570349.782347,boluo,luofushan,30,200,174585,0
1761570350.982073,1761570353.511143,boluo,luofushan,29,200,174445,0
1761570350.450738,1761570356.23816,boluo,xiaojinkou,1,200,174189,0
1761570355.478146,1761570357.997685,boluo,xiaojinkou,2,200,174457,0
1761570355.8246841,1761570358.3458219,boluo,luofushan,32,200,173915,0
1761570360.442292,1761570363.155446,boluo,xiaojinkou,4,200,174087,0
1761570360.985562,1761570363.300509,boluo,luofushan,33,200,174286,0
1761570365.894999,1761570369.9958742,boluo,xiaojinkou,6,200,174263,0
1761570370.583895,1761570373.7742898,boluo,xiaojinkou,5,200,174056,0
1761570375.770286,1761570379.167555,boluo,xiaojinkou,8,200,174219,0
1761570380.748408,1761570383.103748,boluo,xiaojinkou,3,200,174297,0
1761570385.974166,1761570388.805727,boluo,xiaojinkou,11,200,174380,0
1761570390.9245088,1761570393.329612,boluo,xiaojinkou,10,200,174077,0
1761570395.853377,1761570398.547744,boluo,xiaojinkou,9,200,174246,0
1761570400.845345,1761570404.209763,boluo,xiaojinkou,7,200,174253,0
1761570405.9036522,1761570408.526211,boluo,xiaojinkou,14,200,174396,0
1761570410.7321029,1761570413.824873,boluo,xiaojinkou,16,200,174180,0
1761570415.8165052,1761570418.590702,boluo,xiaojinkou,12,200,174571,0
1761570420.701053,1761570425.452424,boluo,xiaojinkou,18,200,174022,0
1761570425.819137,1761570428.8819442,boluo,xiaojinkou,15,200,174334,0
1761570431.029232,1761570433.34592,boluo,xiaojinkou,17,200,174467,0
1761570436.007363,1761570440.5099032,boluo,xiaojinkou,13,200,174141,0
1761570440.825709,1761570443.259506,boluo,xiaojinkou,21,200,174280,0
1761570445.8555121,1761570448.294036,boluo,xiaojinkou,20,200,174064,0
1761570450.961354,1761570453.478107,boluo,xiaojinkou,23,200,173986,0
1761570456.05494,1761570459.245787,boluo,xiaojinkou,22,200,174095,0
1761570460.944266,1761570463.758826,boluo,xiaojinkou,25,200,174354,0
1761570465.860411,1761570468.91135,boluo,xiaojinkou,19,200,174481,0
1761570470.598586,1761570473.280544,boluo,xiaojinkou,24,200,174167,0
1761570475.913988,1761570478.4973881,boluo,xiaojinkou,28,200,174343,0
1761570480.708374,1761570483.932169,boluo,xiaojinkou,30,200,174203,0
1761570485.859651,1761570488.285323,boluo,xiaojinkou,29,200,174562,0
1761570490.632214,1761570493.694628,boluo,xiaojinkou,26,200,174559,0
1761570495.582029,1761570499.019954,boluo,xiaojinkou,33,200,174503,0
1761570500.932941,1761570503.3896909,boluo,xiaojinkou,31,200,174151,0
1761570505.82938,1761570510.147168,boluo,xiaojinkou,27,200,174377,0
1761570510.581237,1761570513.932805,boluo,xiaojinkou,32,200,173931,0
